manufacturer,model,year,power,torque,max_speed,fuel_efficiency,fuel_type,doors_number,weight,aerodynamic_level,turbo_count,millage_in_km,zero_to_hundred,transmission_type,is_started
Audi,A6,2008,240,217,213,4.6,Diesel,5,1471,0.3232593245541873,2,238078,6.2,Manual,False
Mercedes,E-Class,2021,218,262,195,7.2,Diesel,3,1895,0.40507074696358963,1,39136,7.4,Manual,False
Koenigsegg,Jesko,2022,771,1372,393,9.1,Gasoline,3,1592,0.3902589119007607,2,33678,3.6,Automatic,False
Mercedes,C-Class,2013,340,351,250,22.2,Electric,4,1502,0.33400077795832334,0,170685,5.3,Manual,False
BMW,Serie 1,1998,257,302,215,7.4,Diesel,5,1912,0.3596134703089854,1,384947,6.8,Automatic,False
Bugatti,Divo,2008,992,1093,500,24.2,Electric,3,1465,0.3267232336247665,0,246032,3.0,Automatic,False
Renault,Clio,2017,107,45,162,5.0,Gasoline,5,1123,0.3039747364589946,1,102762,8.1,Manual,False
Peugeot,208,2013,77,41,149,3.2,Diesel,3,1034,0.32838325892174547,2,163898,9.2,Manual,False
Mercedes,C-Class,2015,333,277,230,5.8,Diesel,5,1826,0.43343355948592965,2,128727,5.9,Manual,False
Bugatti,Divo,2012,906,1504,454,5.6,Gasoline,2,1179,0.36056748055209803,3,185774,2.9,Automatic,False
Peugeot,3008,2011,97,33,163,4.9,Gasoline,4,960,0.20745685579664896,1,192245,7.9,Manual,False
BMW,Serie 3,2009,288,177,213,7.4,Gasoline,3,1943,0.44854993166351,1,229998,6.5,Manual,False
Mercedes,C-Class,2000,294,179,235,4.2,Diesel,3,1415,0.3143402106750595,1,361179,5.5,Automatic,False
Koenigsegg,Regera,2004,646,1014,361,13.4,Electric,3,1188,0.35372185903627806,0,295597,3.4,Manual,False
Citroen,C3,2015,89,39,159,5.0,Gasoline,5,1074,0.2060803706431485,1,135941,8.7,Automatic,False
Peugeot,3008,1998,85,37,153,16.6,Electric,3,1120,0.3074520441548815,0,391043,9.1,Manual,False
Bugatti,Chiron,2015,488,732,293,6.4,Gasoline,3,1213,0.38808964432699733,4,136698,3.9,Automatic,False
Citroen,C5,2006,117,45,170,14.8,Electric,4,973,0.24463030612678233,0,263761,7.2,Manual,False
Mercedes,C-Class,2017,226,277,207,7.4,Diesel,5,1851,0.32964812756965456,1,108795,7.2,Automatic,False
Citroen,C5,2020,63,31,144,4.5,Gasoline,4,1115,0.3202540211190482,1,60709,10.5,Manual,False
Citroen,C4,2022,62,23,143,3.2,Diesel,3,1162,0.3440098937597216,1,34705,10.8,Automatic,False
Bugatti,Chiron,2016,1152,3064,500,19.8,Electric,3,1607,0.32537031932307786,0,118817,3.0,Automatic,False
BMW,Serie 1,2016,262,235,222,27.8,Electric,5,1953,0.3138177685661003,0,122002,6.8,Automatic,False
Audi,A6,2017,236,153,207,5.3,Diesel,3,1953,0.35664477515620524,2,109630,7.2,Manual,False
Citroen,C4,2014,112,40,169,18.4,Electric,3,1165,0.2208853384220381,0,146640,8.1,Manual,False
Audi,A1,2009,262,255,213,5.3,Diesel,5,1623,0.3879355881317722,2,221029,6.2,Automatic,False
BMW,Serie 3,2002,203,181,192,5.1,Diesel,4,1408,0.3839887196252024,1,324509,6.6,Automatic,False
Renault,Twingo,2000,82,49,155,5.0,Gasoline,3,1086,0.2267897464246153,0,354032,9.1,Manual,False
Renault,Twingo,2016,102,47,160,6.2,Gasoline,3,1173,0.29789962712045603,1,123832,8.5,Manual,False
Bugatti,Veyron,2008,1012,1349,500,6.0,Gasoline,3,1737,0.3085194396685071,3,236775,3.3,Automatic,False
Citroen,C4,1997,89,35,155,5.8,Gasoline,3,1063,0.30016055759229704,0,401581,8.6,Manual,False
Ferrari,SF90,2014,1176,1815,500,4.7,Gasoline,2,1118,0.34852799655159616,2,145292,2.4,Automatic,False
Audi,A3,2015,178,170,188,5.9,Gasoline,4,1581,0.331849297089245,2,140018,7.5,Manual,False
Mercedes,A-Class,2002,161,125,174,6.8,Diesel,3,1904,0.4203765405767391,2,326219,8.6,Automatic,False
Ferrari,Roma,2019,531,974,319,6.7,Gasoline,2,1182,0.34711867911112615,3,69680,3.7,Manual,False
Audi,A6,2020,227,144,199,9.6,Gasoline,3,1897,0.4037114382221708,2,66939,7.2,Automatic,False
Peugeot,308,2001,104,36,161,3.8,Diesel,5,1084,0.3105357058578041,2,342362,8.1,Manual,False
Mercedes,A-Class,2012,220,245,198,6.5,Gasoline,3,1901,0.3833272232951115,1,175749,7.3,Automatic,False
Citroen,C5,2002,104,60,161,6.0,Gasoline,3,1155,0.3051771234588301,0,326929,8.3,Automatic,False
BMW,Serie 1,2010,231,156,209,19.4,Electric,4,1736,0.3216109770887908,0,203093,6.9,Manual,False
Audi,A1,2014,248,242,213,4.6,Diesel,3,1658,0.3492272342130721,1,146859,6.5,Automatic,False
Peugeot,208,2015,62,36,145,5.5,Gasoline,3,1072,0.2803728874759265,1,135874,10.4,Manual,False
Mercedes,C-Class,2016,183,177,189,5.7,Diesel,5,1891,0.3360264432969266,2,115200,8.0,Automatic,False
Peugeot,308,2015,94,29,160,2.7,Diesel,3,906,0.23663837677206512,1,141521,7.8,Manual,False
Audi,A6,2008,217,175,191,22.7,Electric,5,1986,0.44267490664098497,0,239016,7.6,Manual,False
BMW,Serie 3,2020,194,141,191,21.5,Electric,3,1775,0.3654779920306616,0,54351,7.6,Automatic,False
Bugatti,Chiron,2017,518,1042,322,9.6,Gasoline,2,1729,0.31689058491885064,4,111272,4.6,Automatic,False
Audi,A3,2017,277,257,229,8.7,Gasoline,3,1621,0.3090123554494033,2,104412,6.0,Manual,False
Bugatti,Veyron,2002,761,1008,388,12.3,Electric,2,1227,0.3933337122059616,0,336600,3.2,Manual,False
BMW,Serie 3,2005,285,212,229,24.7,Electric,5,1589,0.33260608628995564,0,281159,5.9,Manual,False
Ferrari,F8,2022,556,1174,327,4.6,Gasoline,2,1305,0.353198968320871,3,27799,3.8,Automatic,False
Audi,A1,2006,171,124,184,8.0,Gasoline,4,1512,0.3414400276271241,1,275845,7.4,Automatic,False
Bugatti,Chiron,1998,919,1544,473,8.0,Gasoline,2,1449,0.33036039212789065,4,385153,3.1,Automatic,False
Renault,Twingo,2001,86,32,157,5.4,Gasoline,5,1188,0.22552252473268383,0,338785,9.3,Manual,False
Ferrari,F8,1995,852,2049,444,7.3,Gasoline,3,1775,0.3387082731413332,3,438893,3.6,Manual,False
BMW,Serie 3,2004,179,107,187,6.6,Gasoline,3,1610,0.34786293394518825,1,306482,7.5,Manual,False
Renault,Twingo,2008,81,41,153,3.5,Diesel,4,956,0.26411339422500557,2,240021,8.6,Manual,False
Ferrari,Roma,2021,647,909,368,5.8,Gasoline,2,1377,0.33299677133314315,3,50271,3.6,Automatic,False
Ferrari,F8,2005,678,1248,359,8.4,Gasoline,2,1648,0.393031400551851,2,289434,3.9,Automatic,False
Bugatti,Veyron,2003,1049,2776,500,7.8,Gasoline,2,1370,0.3622551296979136,3,308705,2.9,Automatic,False
Renault,Megane,2005,91,45,155,4.9,Gasoline,3,1138,0.3199066574960032,0,281141,8.8,Automatic,False
Koenigsegg,Agera,2010,1152,2050,500,6.6,Gasoline,3,1161,0.33944294285116816,2,206254,2.5,Automatic,False
Citroen,C4,1997,68,23,148,3.6,Diesel,5,1137,0.2505827564743638,1,410556,10.2,Manual,False
Peugeot,3008,2018,72,31,149,5.1,Gasoline,5,966,0.27277694282128084,1,96843,9.2,Manual,False
Bugatti,Chiron,2018,487,1188,296,18.3,Electric,3,1280,0.3734295851638678,0,84925,4.1,Automatic,False
Bugatti,Divo,2023,708,868,387,7.7,Gasoline,2,1300,0.34519563844223017,2,16849,3.4,Automatic,False
Mercedes,A-Class,2003,224,276,207,9.4,Gasoline,4,1587,0.31762865592097106,2,308074,6.7,Automatic,False
Renault,Megane,2014,97,35,161,11.7,Electric,5,1075,0.2533475805625047,0,151433,8.3,Manual,False
BMW,Serie 3,2024,296,188,225,5.1,Diesel,5,1511,0.3876171241356066,1,0,5.6,Manual,False
Mercedes,A-Class,2017,316,241,246,7.6,Gasoline,3,1563,0.3000488519771596,1,102073,5.6,Automatic,False
Audi,A3,2012,206,174,191,6.4,Gasoline,5,1602,0.4078654850426767,1,183086,7.0,Manual,False
Mercedes,E-Class,2003,233,193,201,6.0,Diesel,3,1800,0.39805508824135893,2,310401,6.9,Automatic,False
Bugatti,Divo,2009,694,1332,386,13.2,Electric,3,1223,0.3327013038604505,0,226331,3.3,Automatic,False
Audi,A6,2004,181,187,184,8.5,Gasoline,4,1476,0.38857514496105644,1,298968,7.1,Manual,False
BMW,Serie 1,2003,350,338,234,7.1,Gasoline,3,1911,0.4430738899171667,1,313758,5.8,Manual,False
Citroen,C5,2006,111,47,161,4.0,Gasoline,3,950,0.34993243541398855,0,273398,7.3,Manual,False
Ferrari,F8,2006,519,945,301,5.5,Gasoline,3,1508,0.39963511532068074,4,275946,4.3,Automatic,False
Mercedes,E-Class,2004,279,147,221,18.6,Electric,5,1437,0.3695473495496615,0,296768,5.7,Manual,False
Peugeot,3008,2021,97,36,157,5.0,Gasoline,4,989,0.3165906293927189,1,44913,8.0,Manual,False
Ferrari,F8,2009,574,1433,326,6.6,Gasoline,2,1173,0.37924773629325276,3,226364,3.6,Automatic,False
Ferrari,Roma,2025,1193,1897,500,4.7,Gasoline,3,1260,0.3404156020191964,3,0,2.6,Automatic,False
Renault,Megane,2006,107,46,161,5.9,Gasoline,3,1013,0.3212902641531318,0,265287,7.7,Manual,False
Koenigsegg,Jesko,2000,570,1249,338,5.7,Gasoline,2,1235,0.3318391447220698,4,355453,3.7,Automatic,False
Peugeot,308,2011,93,50,161,4.1,Gasoline,3,1194,0.20313016050358826,1,192163,9.0,Manual,False
Citroen,C3,2022,60,27,142,6.8,Gasoline,3,1153,0.3345874022189964,1,25037,11.0,Manual,False
Renault,Clio,2009,118,65,165,4.3,Diesel,4,1126,0.3288350202705951,2,219404,7.7,Manual,False
Koenigsegg,Agera,2017,925,1443,472,4.2,Gasoline,2,1116,0.338734839126232,3,109981,2.7,Automatic,False
Ferrari,SF90,2012,648,723,364,9.8,Gasoline,2,1795,0.3450637928840729,4,181819,4.2,Automatic,False
Peugeot,308,2024,83,40,157,4.7,Gasoline,5,1117,0.2061701084780889,1,0,9.2,Manual,False
Peugeot,3008,1998,87,37,155,10.2,Electric,3,972,0.29031599979248707,0,395299,8.4,Manual,False
Ferrari,SF90,2015,580,1264,344,6.7,Gasoline,3,1456,0.3254066433690022,3,130324,4.0,Automatic,False
Citroen,C3,1996,118,43,167,4.7,Gasoline,5,1142,0.2976993220038261,0,426720,7.8,Manual,False
Audi,A1,2022,333,274,252,5.0,Diesel,5,1563,0.30380491922017094,2,34471,5.4,Manual,False
Koenigsegg,Regera,2004,1108,2621,500,6.7,Gasoline,3,1280,0.3737190738142847,2,297927,2.7,Automatic,False
Audi,A1,2007,158,103,175,6.1,Gasoline,3,1615,0.40359150916532516,1,252292,8.0,Automatic,False
Koenigsegg,Regera,2024,669,1002,386,7.3,Gasoline,2,1574,0.3041860695310977,4,0,3.8,Manual,False
Koenigsegg,Regera,2009,463,809,295,8.4,Gasoline,3,1600,0.341514092249655,4,228116,4.6,Automatic,False
Ferrari,Roma,2004,1161,1801,500,5.8,Gasoline,3,1154,0.30585078096390794,3,302956,2.5,Automatic,False
Koenigsegg,Jesko,1997,692,1583,367,6.1,Gasoline,3,1228,0.38364991790914665,2,405325,3.3,Automatic,False
Bugatti,Chiron,2007,572,1080,347,5.6,Gasoline,3,1428,0.3035423185209748,4,259007,4.0,Manual,False
Koenigsegg,Regera,2021,537,1350,325,7.0,Gasoline,3,1581,0.3334877528901555,2,42726,4.3,Automatic,False
Ferrari,SF90,2003,737,1090,411,6.5,Gasoline,3,1245,0.3082387115228752,3,320207,3.2,Automatic,False
Audi,A3,2011,348,309,248,21.2,Electric,5,1455,0.3613165579678159,0,190495,5.1,Automatic,False
BMW,Serie 1,2022,307,234,234,6.3,Diesel,5,1597,0.35708455571744596,2,26792,5.7,Automatic,False
Bugatti,Divo,1998,541,776,318,14.4,Electric,3,1318,0.36669153844200564,0,389589,3.9,Manual,False
BMW,Serie 3,2011,201,130,197,7.2,Diesel,5,1818,0.3328880068665406,1,197973,7.5,Manual,False
Audi,A3,2017,228,166,196,8.2,Gasoline,5,1534,0.4270039268881672,2,105738,6.5,Manual,False
Renault,Megane,2002,61,28,143,4.0,Gasoline,3,946,0.34439961398963365,0,332795,9.8,Manual,False
Ferrari,SF90,2012,569,789,327,5.6,Gasoline,3,1126,0.3712055709269985,3,175785,3.5,Automatic,False
Mercedes,A-Class,2008,254,193,203,5.1,Diesel,4,1808,0.4435619451259916,1,240077,6.7,Manual,False
Audi,A3,2015,198,147,197,8.7,Gasoline,4,1656,0.31620005196855117,2,140327,7.2,Manual,False
Ferrari,SF90,2020,996,2092,500,7.5,Gasoline,2,1415,0.3295325742335933,3,65526,3.0,Automatic,False
Peugeot,208,2007,116,47,165,3.1,Diesel,4,1068,0.30979080217572563,2,253967,7.6,Manual,False
BMW,Serie 1,2008,326,188,241,5.5,Gasoline,5,1407,0.3541726879868373,1,239022,5.2,Manual,False
Ferrari,SF90,2001,892,1301,462,4.4,Gasoline,3,1282,0.3329719302493908,3,346941,3.0,Automatic,False
Audi,A6,1997,335,290,248,6.0,Diesel,4,1528,0.3345002484274867,1,407551,5.3,Automatic,False
Renault,Twingo,2014,85,46,155,3.6,Gasoline,5,938,0.26083141628154877,1,146218,8.3,Manual,False
Mercedes,C-Class,1997,164,96,181,8.8,Gasoline,3,1787,0.3443493553513288,1,409896,8.3,Manual,False
Citroen,C3,1998,83,37,154,3.8,Gasoline,4,1037,0.26839894906534717,0,387436,8.8,Manual,False
Bugatti,Divo,2011,653,1412,374,19.3,Electric,3,1277,0.319625372628596,0,189882,3.5,Automatic,False
Bugatti,Divo,2001,410,497,278,4.7,Gasoline,3,1206,0.32771530062315474,4,349257,4.3,Automatic,False
Peugeot,308,1999,75,29,152,11.1,Electric,5,1061,0.22055335375361212,0,374507,9.4,Manual,False
Mercedes,E-Class,2025,305,259,237,17.2,Electric,3,1515,0.3281406914619281,0,0,5.6,Manual,False
BMW,Serie 3,1999,217,156,203,22.1,Electric,4,1413,0.3297873760579311,0,376184,6.4,Automatic,False
Audi,A3,2024,153,149,170,6.8,Gasoline,5,1850,0.4424175779525714,1,0,8.7,Manual,False
Audi,A3,1999,211,207,196,6.6,Diesel,4,1841,0.37945491105877444,1,377137,7.4,Manual,False
Renault,Clio,2007,87,32,154,4.4,Gasoline,5,1092,0.31263065457697664,0,261928,8.9,Automatic,False
Bugatti,Chiron,1997,458,830,285,5.1,Gasoline,2,1216,0.37937136011531125,4,403231,4.1,Automatic,False
Renault,Twingo,2001,74,31,150,6.0,Gasoline,4,1099,0.26555603373136616,0,340270,9.6,Manual,False
Ferrari,F8,2012,1052,1623,500,7.6,Gasoline,2,1483,0.36791359870197715,2,180954,3.0,Manual,False
Mercedes,C-Class,2016,262,176,214,5.5,Diesel,4,1435,0.38022861475121794,2,115226,5.9,Automatic,False
Bugatti,Divo,2009,1153,1794,500,5.3,Gasoline,3,1158,0.33331154205589314,2,226868,2.5,Automatic,False
Koenigsegg,Regera,2009,1046,2250,486,8.8,Gasoline,3,1770,0.39855045152871804,3,229557,3.3,Automatic,False
Peugeot,308,1995,71,20,150,5.3,Gasoline,3,1029,0.25139589414261027,0,441435,9.5,Manual,False
Ferrari,F8,2005,1053,2016,500,7.1,Gasoline,2,1245,0.33929242266614507,3,291532,2.7,Automatic,False
Ferrari,F8,1997,557,686,334,6.1,Gasoline,3,1573,0.32827555521949614,4,408798,4.2,Automatic,False
Ferrari,Roma,2005,851,2077,418,7.2,Gasoline,2,1447,0.39939730285702507,2,282758,3.3,Automatic,False
Bugatti,Divo,2005,402,650,274,7.5,Gasoline,3,1718,0.3291036032114932,3,279170,5.2,Automatic,False
Ferrari,Roma,2002,436,1107,275,7.2,Gasoline,2,1485,0.38648156540262757,3,333089,4.6,Automatic,False
Ferrari,SF90,2009,969,1212,497,17.9,Electric,3,1748,0.3198915616884143,0,222665,3.4,Automatic,False
Renault,Twingo,1996,108,53,162,4.7,Gasoline,5,1120,0.3075471001445289,0,420905,8.1,Manual,False
Bugatti,Divo,2016,532,939,316,8.4,Gasoline,3,1418,0.3595900188248527,4,113907,4.1,Automatic,False
Renault,Twingo,2013,94,36,161,13.7,Electric,3,1158,0.21252096865608877,0,158530,8.8,Manual,False
Audi,A1,1996,172,171,185,24.4,Electric,5,1620,0.34384112687126805,0,423376,7.7,Manual,False
Renault,Clio,2020,117,62,166,4.7,Gasoline,4,960,0.31155920799017855,1,55325,7.2,Automatic,False
Koenigsegg,Regera,2001,644,1035,351,6.6,Gasoline,3,1343,0.37973085942217677,2,345687,3.6,Manual,False
Renault,Megane,2006,102,42,159,2.8,Diesel,3,1006,0.3222270112661866,1,271864,7.9,Manual,False
Koenigsegg,Agera,2018,588,1514,333,6.4,Gasoline,3,1615,0.375037106256493,4,88899,4.1,Automatic,False
Ferrari,Roma,1995,1042,1832,500,3.9,Gasoline,3,1156,0.32520933370359817,4,437316,2.6,Automatic,False
Bugatti,Veyron,1996,1112,1608,500,6.8,Gasoline,2,1257,0.330206322598327,4,417444,2.7,Automatic,False
BMW,Serie 1,2016,282,199,219,8.2,Gasoline,4,1796,0.3942883793312688,1,125071,6.3,Manual,False
Citroen,C4,1996,66,34,144,4.9,Gasoline,3,970,0.34663510976397105,0,414230,9.6,Manual,False
Citroen,C3,2015,65,27,148,4.1,Diesel,4,1080,0.22547729847859765,1,133130,10.2,Automatic,False
BMW,Serie 5,1995,285,222,217,16.8,Electric,5,1668,0.4166455339993764,0,429993,6.0,Manual,False
Citroen,C3,2005,110,48,168,5.4,Gasoline,3,1036,0.21122364740269176,0,283074,7.7,Manual,False
Citroen,C5,2022,95,45,156,6.0,Gasoline,4,1087,0.32492680287769576,1,28667,8.5,Automatic,False
Bugatti,Chiron,2013,901,1839,477,6.6,Gasoline,2,1197,0.3055098499240037,4,167123,2.9,Automatic,False
Renault,Clio,2019,109,44,162,3.2,Diesel,4,900,0.3235896941521472,1,78962,7.2,Manual,False
Audi,A3,1999,171,187,187,9.3,Gasoline,3,1668,0.3136365543807482,1,375230,7.8,Manual,False
Citroen,C4,2025,61,30,146,5.0,Gasoline,5,1011,0.23497752872362884,1,0,10.2,Manual,False
Bugatti,Veyron,2019,1173,1996,500,5.6,Gasoline,3,1228,0.35294883184011794,3,71247,2.6,Automatic,False
Koenigsegg,Agera,2011,438,796,280,6.8,Gasoline,3,1656,0.36687728645147333,3,195531,4.9,Automatic,False
Mercedes,C-Class,2023,308,199,234,6.8,Diesel,3,1756,0.35387262329720093,2,20231,6.0,Manual,False
Citroen,C3,2010,85,45,157,3.7,Gasoline,5,915,0.21747783545104984,1,206480,8.2,Automatic,False
Bugatti,Chiron,2020,971,1820,493,4.6,Gasoline,3,1186,0.331140796758506,3,66126,2.8,Automatic,False
Renault,Clio,1997,74,24,148,4.7,Diesel,4,1170,0.3422637953646634,1,403885,9.9,Manual,False
Mercedes,C-Class,2019,208,263,199,5.4,Diesel,4,1722,0.3352465962070124,1,73810,7.2,Manual,False
BMW,Serie 5,2011,238,201,198,20.0,Electric,4,1675,0.44004876784671887,0,200086,6.6,Manual,False
Citroen,C3,2001,107,34,165,5.9,Gasoline,5,1126,0.24103095413899417,0,338136,8.1,Manual,False
Mercedes,E-Class,2011,278,169,220,4.9,Diesel,5,1723,0.37565970920109404,2,193938,6.2,Manual,False
Ferrari,Roma,2020,1055,2803,500,8.9,Gasoline,2,1553,0.36527782647777124,4,56859,3.0,Automatic,False
Citroen,C3,2015,89,46,155,5.0,Gasoline,4,1124,0.3034207909094961,1,133111,8.9,Manual,False
Ferrari,Roma,2017,567,1017,332,4.7,Gasoline,2,1128,0.3489862048897222,3,99356,3.5,Automatic,False
Koenigsegg,Jesko,2025,485,552,305,7.8,Gasoline,3,1790,0.3366355985625431,3,0,4.8,Automatic,False
Citroen,C4,2012,92,38,158,3.8,Gasoline,4,1090,0.2642024908815279,1,185567,8.6,Manual,False
Peugeot,3008,2016,110,41,165,4.6,Gasoline,4,1021,0.26666621691135795,1,123463,7.6,Manual,False
Mercedes,E-Class,2005,213,189,202,5.1,Diesel,3,1815,0.32478938006545766,2,278716,7.3,Manual,False
Peugeot,3008,2015,109,49,162,2.6,Diesel,4,927,0.326580733945435,2,140729,7.3,Manual,False
Mercedes,E-Class,2006,151,135,177,7.5,Gasoline,5,1917,0.3339190480908282,2,271038,8.9,Manual,False
Ferrari,F8,2012,500,1150,303,8.2,Gasoline,3,1478,0.3654565799631739,3,184953,4.3,Automatic,False
Ferrari,SF90,2005,1030,1455,500,6.8,Gasoline,2,1250,0.3154642110364756,3,284156,2.8,Manual,False
Koenigsegg,Jesko,2018,730,1414,393,9.0,Gasoline,2,1573,0.35021544663960436,2,90954,3.7,Automatic,False
Koenigsegg,Agera,2010,1166,1439,500,22.6,Electric,2,1684,0.36987598803993615,0,206865,3.0,Manual,False
Renault,Clio,2001,104,46,165,4.3,Gasoline,5,959,0.22687831994562419,0,350587,7.6,Manual,False
BMW,Serie 1,2008,303,305,231,5.8,Diesel,5,1463,0.3645357885879746,1,242723,5.5,Manual,False
BMW,Serie 5,2024,203,224,192,7.1,Diesel,4,1818,0.38208388103658397,2,0,7.5,Manual,False
Mercedes,C-Class,2021,349,333,237,9.9,Gasoline,3,1734,0.42476771727380674,2,38305,5.6,Automatic,False
Koenigsegg,Regera,2020,578,892,327,6.6,Gasoline,3,1294,0.3814898601463582,3,63038,3.7,Automatic,False
Peugeot,3008,2019,104,50,161,3.9,Gasoline,5,1056,0.29262136017253143,1,70903,8.0,Manual,False
Ferrari,SF90,2024,1104,1706,500,11.5,Electric,3,1117,0.35177621958798694,0,0,2.5,Automatic,False
Citroen,C3,1995,115,59,169,3.7,Diesel,4,986,0.24574474656135425,1,440911,7.3,Manual,False
Bugatti,Veyron,2024,778,1111,403,6.3,Gasoline,3,1790,0.3702245720937465,4,0,3.8,Automatic,False
Peugeot,208,2015,70,30,148,5.7,Gasoline,5,1193,0.29160756690851297,1,128644,10.3,Manual,False
Ferrari,F8,2010,548,698,321,17.8,Electric,2,1639,0.3644965438819665,0,210552,4.3,Automatic,False
Ferrari,SF90,2005,778,1402,400,7.2,Gasoline,2,1310,0.37871349388561865,3,285411,3.2,Manual,False
Mercedes,C-Class,2004,307,165,223,6.0,Diesel,4,1656,0.42795675425859786,2,293613,5.8,Manual,False
Peugeot,308,2010,75,19,151,3.5,Gasoline,5,979,0.26957265989129003,1,212769,9.0,Manual,False
Citroen,C4,2024,87,33,152,6.4,Gasoline,4,1159,0.34916454764674526,1,0,9.1,Manual,False
Ferrari,SF90,2016,1050,2560,500,6.1,Gasoline,2,1207,0.328892745193487,4,120841,2.7,Automatic,False
Koenigsegg,Agera,2023,508,901,311,5.6,Gasoline,3,1648,0.3442061654349591,4,16432,4.5,Automatic,False
Mercedes,E-Class,2017,164,145,174,24.3,Electric,3,1778,0.4365957579349681,0,108991,8.2,Automatic,False
BMW,Serie 1,2012,178,205,190,6.4,Gasoline,4,1416,0.3082019445733191,2,184123,7.1,Manual,False
Koenigsegg,Agera,2018,941,1155,493,7.8,Gasoline,3,1597,0.3057097195383855,2,83725,3.3,Automatic,False
BMW,Serie 5,2012,270,301,223,9.0,Gasoline,3,1862,0.3348775213162104,2,178559,6.6,Automatic,False
Bugatti,Chiron,1996,639,1436,344,17.2,Electric,3,1238,0.39807437383483824,0,420352,3.5,Manual,False
Koenigsegg,Agera,2022,611,1231,361,4.5,Gasoline,2,1205,0.309949612027076,2,35877,3.5,Automatic,False
Renault,Megane,2017,82,27,153,4.6,Diesel,4,1146,0.286812452303751,1,98364,9.3,Manual,False
Mercedes,A-Class,2001,251,190,218,9.4,Gasoline,3,1929,0.3146789189720367,1,349002,6.9,Automatic,False
Audi,A1,2021,171,175,179,20.4,Electric,5,1751,0.3994330202726236,0,40852,8.0,Manual,False
Bugatti,Divo,2020,630,898,363,6.7,Gasoline,3,1156,0.3264841812908215,3,53829,3.4,Automatic,False
Mercedes,A-Class,1997,307,210,235,8.7,Gasoline,5,1908,0.3480923925310512,2,399087,6.2,Manual,False
Renault,Twingo,2008,118,34,164,3.7,Diesel,4,1081,0.34644146137875786,2,241687,7.6,Manual,False
Bugatti,Chiron,2019,980,1864,500,4.1,Gasoline,3,1152,0.30594297222830624,3,68485,2.7,Automatic,False
Citroen,C3,1997,120,72,171,5.2,Gasoline,4,1031,0.2421348314710972,2,405641,7.3,Manual,False
Ferrari,F8,2010,1110,1488,500,18.4,Electric,3,1478,0.38477521087687566,0,206698,2.9,Automatic,False
Renault,Twingo,2002,112,33,169,4.5,Gasoline,5,1060,0.20732760165162917,0,327712,7.7,Manual,False
Peugeot,308,2009,114,39,166,4.2,Gasoline,5,966,0.29081898919895155,0,220448,7.3,Manual,False
Ferrari,Roma,2005,816,1635,444,19.1,Electric,2,1412,0.30355088172205663,0,281207,3.3,Automatic,False
Ferrari,SF90,2003,547,757,334,8.4,Gasoline,2,1511,0.3151388198821453,3,318872,4.2,Automatic,False
Renault,Twingo,2001,112,55,163,5.9,Gasoline,4,1127,0.3214253880903398,0,351438,7.9,Manual,False
Bugatti,Chiron,2003,621,1280,357,6.7,Gasoline,3,1746,0.3346959555808914,2,311326,4.2,Manual,False
Mercedes,A-Class,2023,325,344,231,3.9,Diesel,4,1430,0.4142305311029474,1,20089,5.2,Manual,False
BMW,Serie 5,2024,176,108,182,23.4,Electric,5,1614,0.39233528528461503,0,0,7.6,Automatic,False
Bugatti,Chiron,2011,1145,1935,500,5.6,Gasoline,3,1171,0.32985728883040616,3,188836,2.5,Manual,False
Ferrari,F8,2008,979,1370,469,4.8,Gasoline,3,1285,0.3853483087055194,4,234760,2.9,Automatic,False
Renault,Twingo,2008,92,48,160,6.5,Gasoline,3,1096,0.22353198862276635,0,242830,8.6,Automatic,False
Koenigsegg,Agera,2000,893,1405,471,9.6,Gasoline,3,1632,0.3132820554986159,4,353716,3.4,Automatic,False
Bugatti,Chiron,2017,776,1697,415,5.7,Gasoline,3,1416,0.33944653239000505,3,111579,3.4,Automatic,False
Citroen,C5,2025,98,39,162,6.5,Gasoline,3,1140,0.2392359034672609,1,0,8.5,Manual,False
Peugeot,208,2001,74,32,150,3.6,Gasoline,3,1003,0.27869186826854764,0,343297,9.2,Automatic,False
BMW,Serie 5,2014,201,209,194,8.6,Gasoline,3,1634,0.354080389065798,1,152087,7.1,Manual,False
BMW,Serie 1,2022,331,270,240,7.7,Gasoline,5,1445,0.36972020365944536,1,30244,5.2,Automatic,False
Renault,Twingo,2000,65,33,145,5.4,Gasoline,4,916,0.3023910865929624,0,355957,9.4,Manual,False
Peugeot,3008,2016,87,36,155,5.5,Gasoline,5,1010,0.28745620425849616,1,115056,8.5,Manual,False
Mercedes,E-Class,2014,177,174,177,8.3,Gasoline,5,1765,0.4464840660218823,1,156680,7.9,Manual,False
Peugeot,308,1998,111,54,168,4.8,Gasoline,4,962,0.23267562713956097,0,395574,7.4,Manual,False
Bugatti,Divo,1998,936,1776,487,6.0,Gasoline,2,1771,0.3149952696608246,2,395594,3.4,Manual,False
Bugatti,Chiron,2004,764,838,414,5.7,Gasoline,3,1596,0.328810170042208,2,299252,3.6,Automatic,False
BMW,Serie 3,2010,174,118,187,8.2,Gasoline,3,1524,0.32727169190126226,1,205809,7.4,Automatic,False
Renault,Twingo,2002,111,34,168,3.3,Gasoline,4,975,0.2191309062609806,0,323549,7.4,Manual,False
Ferrari,Roma,2024,565,1034,332,24.3,Electric,3,1795,0.346248387798311,0,0,4.5,Automatic,False
BMW,Serie 3,2014,343,348,247,21.5,Electric,4,1899,0.3548996696853484,0,149364,5.9,Manual,False
BMW,Serie 5,2012,298,263,220,6.4,Diesel,3,1653,0.4268165716506993,1,177770,5.9,Automatic,False
Koenigsegg,Agera,2008,958,1364,477,7.5,Gasoline,3,1749,0.35376374311024966,2,239680,3.4,Automatic,False
Citroen,C4,2012,65,32,147,4.4,Diesel,3,1127,0.24892185918150894,2,175765,10.4,Manual,False
Bugatti,Chiron,2006,1091,1207,500,4.9,Gasoline,2,1244,0.34714883635646326,2,273389,2.7,Manual,False
Renault,Twingo,2012,102,56,158,6.8,Gasoline,3,1142,0.337578627002563,1,179628,8.4,Manual,False
Mercedes,A-Class,2017,268,282,225,5.3,Diesel,5,1487,0.316180317406645,2,105757,5.9,Automatic,False
Bugatti,Veyron,1997,664,1280,384,7.0,Gasoline,3,1505,0.3028584704569525,3,399935,3.8,Automatic,False
Citroen,C3,2002,69,24,150,4.2,Gasoline,3,911,0.22177854362016683,0,330550,9.1,Manual,False
Ferrari,Roma,2024,934,1239,491,7.1,Gasoline,2,1706,0.3051371812105271,3,0,3.4,Automatic,False
BMW,Serie 5,2002,174,156,178,21.3,Electric,3,1704,0.43278263490505886,0,324880,7.8,Automatic,False
Peugeot,308,2015,120,35,165,3.3,Gasoline,3,970,0.33864696529727545,1,130733,7.1,Manual,False
Renault,Megane,2014,114,45,170,4.3,Gasoline,3,1160,0.20878852436461848,1,153333,8.0,Automatic,False
Renault,Clio,1995,79,30,151,4.9,Gasoline,5,961,0.3072166594520205,0,435422,8.7,Manual,False
Koenigsegg,Regera,1996,1150,2501,500,7.2,Gasoline,2,1499,0.3352447658359179,2,422577,2.9,Automatic,False
BMW,Serie 5,2007,271,206,225,8.1,Gasoline,4,1575,0.32491209979737434,1,248648,6.0,Manual,False
Mercedes,E-Class,2021,181,128,191,5.5,Diesel,5,1479,0.30685505521799095,2,47643,7.1,Automatic,False
Citroen,C5,2006,86,38,152,4.7,Gasoline,3,1171,0.33812189408450727,0,269550,9.2,Manual,False
BMW,Serie 5,2009,263,274,221,17.3,Electric,5,1700,0.32788783532449345,0,222989,6.4,Automatic,False
BMW,Serie 1,2014,239,194,209,10.0,Gasoline,3,1854,0.3549007876052579,2,145449,7.0,Manual,False
BMW,Serie 1,2020,210,162,188,8.7,Gasoline,5,1732,0.44423734935904874,1,56358,7.2,Automatic,False
Audi,A1,2000,294,286,225,9.3,Gasoline,4,1558,0.38304015016557497,1,357760,5.8,Manual,False
Peugeot,3008,2007,118,67,167,4.2,Diesel,5,1062,0.2985385378354538,1,250139,7.5,Manual,False
Mercedes,C-Class,2014,332,257,236,29.3,Electric,3,1811,0.3987186278259065,0,148293,5.8,Automatic,False
Koenigsegg,Regera,2022,983,1533,492,4.7,Gasoline,3,1366,0.34237271329246827,4,28419,2.9,Manual,False
Bugatti,Veyron,2007,1079,1651,500,4.0,Gasoline,2,1146,0.31881464995877856,2,259553,2.6,Automatic,False
Mercedes,E-Class,2003,217,163,196,4.8,Diesel,3,1436,0.3971092986275568,2,310554,6.4,Manual,False
Renault,Clio,2004,68,17,150,5.4,Gasoline,3,977,0.20842987199240645,0,297301,9.5,Manual,False
Peugeot,308,2024,106,32,165,4.2,Diesel,5,1116,0.24311473938644185,1,0,8.1,Manual,False
Mercedes,E-Class,2003,173,176,185,7.1,Gasoline,5,1800,0.3457302155643305,2,312096,8.1,Manual,False
Mercedes,A-Class,2008,152,150,172,9.8,Gasoline,4,1765,0.40343033479171697,1,246092,8.5,Manual,False
Bugatti,Veyron,1995,904,2260,438,5.4,Gasoline,3,1314,0.39576949114092674,4,441614,3.0,Automatic,False
Koenigsegg,Agera,2024,970,1610,469,5.4,Gasoline,3,1572,0.3788687223567929,2,0,3.2,Manual,False
Citroen,C5,2021,99,47,163,3.4,Gasoline,5,905,0.22475450129067906,1,51947,7.6,Manual,False
Ferrari,Roma,2021,740,1213,390,4.5,Gasoline,2,1114,0.3686244597998479,4,51039,3.1,Automatic,False
Citroen,C4,2000,119,40,171,14.7,Electric,3,1006,0.23035094066221362,0,353435,7.3,Manual,False
Bugatti,Divo,2011,1030,1616,500,20.5,Electric,3,1274,0.3031743416276561,0,189829,2.8,Automatic,False
Ferrari,Roma,2024,427,939,272,5.6,Gasoline,3,1237,0.3857917953344439,3,0,4.3,Automatic,False
Bugatti,Chiron,1998,575,727,336,7.1,Gasoline,2,1800,0.34854838797033927,4,385994,4.4,Manual,False
Bugatti,Veyron,2006,925,2078,487,8.5,Gasoline,2,1612,0.3057184817607926,4,265062,3.3,Manual,False
Peugeot,208,2022,119,64,172,6.1,Gasoline,4,1089,0.21258412515455813,1,26801,7.6,Manual,False
Koenigsegg,Regera,2008,565,1197,329,6.8,Gasoline,2,1507,0.35851322407115066,3,244866,4.1,Automatic,False
Mercedes,C-Class,2016,221,186,194,7.7,Gasoline,5,1448,0.4228323613296963,2,115204,6.4,Manual,False
Peugeot,3008,2017,101,38,163,16.1,Electric,4,1017,0.24725801670297534,0,98110,7.9,Manual,False
Bugatti,Divo,2017,1021,1385,500,6.2,Gasoline,2,1473,0.3204970091879078,4,105556,3.0,Manual,False
BMW,Serie 3,2012,198,219,196,15.3,Electric,4,1428,0.33118076406769675,0,180136,6.7,Automatic,False
Peugeot,308,2000,85,38,154,4.0,Gasoline,4,919,0.27657216516417915,0,354263,8.2,Manual,False
Citroen,C3,2014,114,43,170,4.4,Gasoline,3,1089,0.20856134152740105,1,156933,7.7,Automatic,False
BMW,Serie 3,2012,252,200,216,6.7,Diesel,3,1753,0.3379384041030439,1,183944,6.6,Manual,False
Bugatti,Divo,2011,970,2044,500,17.6,Electric,3,1306,0.3015912751785736,0,190645,2.9,Automatic,False
Citroen,C3,1999,77,28,149,4.8,Gasoline,3,974,0.32315983853983443,0,368273,8.9,Manual,False
Citroen,C5,2008,102,53,160,3.3,Diesel,3,1118,0.30020046209652723,2,234470,8.3,Manual,False
Bugatti,Divo,2016,843,1255,417,5.1,Gasoline,3,1259,0.3947526396511232,4,114952,3.1,Automatic,False
Bugatti,Veyron,2018,537,1038,325,8.1,Gasoline,3,1706,0.33404881064929615,3,85269,4.5,Manual,False
Audi,A3,2007,240,201,202,10.7,Gasoline,3,1819,0.4163127203818908,2,252342,6.9,Manual,False
Peugeot,308,1999,90,44,155,3.5,Diesel,5,992,0.3013570100941971,1,370393,8.3,Automatic,False
Mercedes,A-Class,2021,281,338,229,26.0,Electric,3,1930,0.31970432559066025,0,39690,6.6,Automatic,False
Renault,Twingo,2015,104,38,166,6.6,Gasoline,4,1161,0.21423727165070583,1,140589,8.4,Manual,False
Bugatti,Chiron,1997,606,1396,341,6.7,Gasoline,3,1299,0.36981390767576305,4,408471,3.7,Automatic,False
Renault,Megane,1998,120,39,169,2.9,Diesel,4,1013,0.28259546801307744,1,394689,7.3,Manual,False
Peugeot,308,2009,62,32,144,3.8,Diesel,5,1073,0.3039889132787473,1,231572,10.4,Manual,False
Mercedes,C-Class,2005,278,293,210,7.8,Diesel,5,1993,0.4490301358803733,1,278481,6.7,Manual,False
Renault,Clio,2024,112,49,164,5.3,Gasoline,5,1200,0.30748993628764676,1,0,8.2,Manual,False
Citroen,C4,2014,65,31,145,6.6,Gasoline,3,1121,0.32115393452850954,1,150702,10.4,Manual,False
Ferrari,SF90,2010,524,508,325,6.8,Gasoline,2,1667,0.31519460580295394,2,214500,4.5,Manual,False
Audi,A1,1997,225,136,202,5.1,Diesel,4,1420,0.3649718443026617,1,406065,6.3,Automatic,False
Ferrari,F8,2004,593,1148,337,19.7,Electric,2,1490,0.36624039800648067,0,305124,4.0,Automatic,False
BMW,Serie 3,2010,193,120,193,10.9,Gasoline,4,1977,0.3372060341072111,1,204948,8.0,Automatic,False
Mercedes,A-Class,1996,229,263,197,5.2,Diesel,3,1453,0.4221543901831711,1,416602,6.3,Automatic,False
Ferrari,F8,2024,564,805,334,23.4,Electric,3,1618,0.34008298479770394,0,0,4.2,Manual,False
BMW,Serie 3,1995,339,194,239,22.0,Electric,3,1781,0.39691849512425575,0,439248,5.7,Manual,False
Citroen,C3,2013,97,36,162,4.6,Gasoline,3,970,0.22880472958802486,1,169686,7.9,Manual,False
BMW,Serie 1,2024,186,134,182,7.9,Gasoline,3,1467,0.4254926463181863,1,0,7.0,Manual,False
BMW,Serie 1,2013,345,249,235,8.7,Gasoline,4,1712,0.4318221968403076,2,162095,5.6,Manual,False
Audi,A3,1995,343,431,241,25.6,Electric,4,1938,0.39335966438651737,0,441190,5.9,Automatic,False
Renault,Clio,2015,116,70,167,3.9,Diesel,5,1097,0.2859363710917535,2,128824,7.7,Manual,False
Mercedes,A-Class,2002,252,191,209,8.1,Gasoline,5,1749,0.38851526833332506,1,327934,6.6,Automatic,False
Bugatti,Chiron,2015,998,2108,485,5.6,Gasoline,2,1198,0.36766895829562707,3,131100,2.7,Automatic,False
Koenigsegg,Agera,1995,1053,1207,491,7.1,Gasoline,2,1464,0.39468099124840633,3,440228,2.9,Manual,False
Audi,A3,2005,276,300,229,5.8,Diesel,4,1521,0.30732744062526696,1,285990,5.9,Manual,False
Renault,Twingo,2002,119,50,172,3.8,Diesel,3,1109,0.21770090832217748,2,328072,7.6,Manual,False
Renault,Megane,2012,78,42,150,17.0,Electric,4,1074,0.3175162662771361,0,183203,9.3,Manual,False
Ferrari,F8,1999,493,634,311,8.4,Gasoline,2,1427,0.321781957321692,4,378107,4.3,Automatic,False
Bugatti,Divo,2006,837,1106,441,5.9,Gasoline,3,1100,0.33079854162197353,4,273349,2.9,Automatic,False
Peugeot,308,2017,120,52,167,2.7,Diesel,4,902,0.31640106592517814,1,108081,6.9,Manual,False
Mercedes,E-Class,2021,232,274,208,4.9,Diesel,3,1599,0.33460850308787077,1,40321,6.6,Manual,False
Citroen,C4,2011,115,41,168,3.3,Gasoline,4,982,0.25077792911451635,1,190225,7.3,Manual,False
Citroen,C3,2005,91,55,158,5.8,Gasoline,3,1079,0.2626377341922346,0,289671,8.6,Automatic,False
BMW,Serie 1,2012,227,156,198,6.1,Gasoline,4,1783,0.404007402801255,1,186398,7.0,Automatic,False
Audi,A3,2009,219,170,195,8.0,Gasoline,3,1504,0.4061907669292972,2,218419,6.6,Manual,False
Koenigsegg,Agera,2002,533,649,326,6.0,Gasoline,2,1402,0.32521686599210026,4,325061,4.1,Automatic,False
Bugatti,Divo,2014,836,1670,437,4.6,Gasoline,3,1205,0.3401756163038143,4,155287,3.0,Automatic,False
Bugatti,Chiron,2025,1066,1963,494,7.4,Gasoline,3,1630,0.39792718239952185,4,0,3.1,Automatic,False
Audi,A6,2010,182,158,183,5.2,Gasoline,5,1503,0.4072670992346722,2,206547,7.2,Automatic,False
Bugatti,Divo,2017,830,1292,420,6.0,Gasoline,3,1169,0.3750117186113945,4,101130,3.0,Automatic,False
Koenigsegg,Jesko,2019,932,2313,457,6.2,Gasoline,2,1506,0.3757103069352237,3,71535,3.2,Automatic,False
Audi,A1,2005,242,146,201,8.3,Gasoline,4,1704,0.4226516556056563,1,278408,6.6,Automatic,False
BMW,Serie 3,2015,175,194,189,6.6,Gasoline,5,1537,0.3040771569133335,1,140305,7.4,Manual,False
Mercedes,A-Class,1999,242,148,215,27.6,Electric,4,1691,0.31350498865777704,0,379013,6.6,Automatic,False
Renault,Clio,2012,119,60,166,4.0,Gasoline,4,909,0.3161743006709291,1,181606,6.9,Manual,False
Bugatti,Divo,2006,691,1511,367,7.0,Gasoline,2,1196,0.3823003353933958,4,265017,3.3,Manual,False
Koenigsegg,Regera,2020,891,1391,434,5.1,Gasoline,3,1389,0.3941615101175309,2,64164,3.1,Automatic,False
BMW,Serie 3,2000,169,141,181,5.7,Diesel,5,1653,0.373595042148733,2,360951,7.8,Automatic,False
Audi,A1,1996,205,181,190,7.4,Gasoline,4,1441,0.41699808327913856,2,417754,6.6,Manual,False
Renault,Clio,2000,75,36,150,4.7,Gasoline,4,1068,0.2758407370965372,0,362219,9.4,Manual,False
Citroen,C3,2001,86,44,155,5.7,Gasoline,4,971,0.28111780882581905,0,338853,8.4,Manual,False
Koenigsegg,Jesko,2008,631,824,366,8.0,Gasoline,3,1642,0.3202171810023422,2,245937,4.0,Automatic,False
Peugeot,208,1997,90,55,156,5.7,Gasoline,5,1134,0.2808682067418406,0,398802,8.9,Manual,False
Citroen,C5,2024,88,33,154,14.8,Electric,4,1001,0.31804960539787963,0,0,8.4,Manual,False
BMW,Serie 1,2010,241,130,206,9.8,Gasoline,4,1992,0.38394587657171775,1,214467,7.2,Automatic,False
BMW,Serie 5,2019,174,146,184,9.1,Gasoline,3,1806,0.3608327681942823,1,69331,8.1,Manual,False
Citroen,C5,2022,60,31,144,4.4,Gasoline,5,934,0.27894338419775044,1,23847,9.9,Manual,False
Renault,Twingo,2016,100,62,164,3.8,Diesel,4,986,0.21906985281757974,2,124740,7.9,Manual,False
Audi,A6,2014,232,222,212,8.1,Gasoline,5,1884,0.3029857955671429,2,150173,7.1,Manual,False
Bugatti,Veyron,2010,593,1275,345,5.0,Gasoline,3,1463,0.34084357439716695,2,205619,3.9,Manual,False
Renault,Clio,2006,60,20,143,5.4,Gasoline,5,960,0.33078025206001077,0,267761,10.0,Automatic,False
Peugeot,308,2024,114,57,169,3.9,Gasoline,3,1068,0.2265631484715091,1,0,7.7,Manual,False
Peugeot,208,1997,75,37,153,5.4,Gasoline,4,1145,0.2085314393947416,0,408738,9.8,Manual,False
Ferrari,F8,2011,1095,2872,500,7.9,Gasoline,2,1710,0.3014923817220961,3,198606,3.1,Automatic,False
Citroen,C5,1999,104,57,166,15.0,Electric,4,1074,0.20000838056276318,0,379634,8.0,Manual,False
Mercedes,A-Class,1998,171,140,188,6.5,Diesel,5,1753,0.3032019575606353,1,386582,8.0,Automatic,False
Bugatti,Chiron,2001,993,1732,475,6.6,Gasoline,2,1331,0.3848552345817679,2,342425,2.9,Automatic,False
Renault,Twingo,2001,120,49,169,6.0,Gasoline,5,1042,0.26965584044337526,1,344496,7.4,Manual,False
Audi,A1,2011,283,169,222,23.5,Electric,5,1477,0.37230127556839776,0,197228,5.7,Automatic,False
Peugeot,208,2012,100,40,158,19.0,Electric,3,1147,0.33646583117078616,0,186001,8.5,Manual,False
Audi,A6,1996,349,244,252,9.1,Gasoline,4,1785,0.3384193887515411,2,416482,5.7,Manual,False
Peugeot,208,2022,83,46,155,4.5,Diesel,4,1149,0.24991498473128007,1,28652,9.3,Manual,False
Audi,A3,1997,337,193,236,5.3,Diesel,4,1457,0.40641638338586805,1,400348,5.2,Automatic,False
Koenigsegg,Regera,2000,474,829,288,21.8,Electric,3,1757,0.3875102743146175,0,363370,4.8,Automatic,False
BMW,Serie 5,2020,256,258,217,6.8,Diesel,4,1807,0.3348234683877464,1,53904,6.6,Manual,False
Ferrari,SF90,2019,949,1768,469,19.0,Electric,2,1142,0.3641996654584617,0,79178,2.7,Automatic,False
Mercedes,C-Class,2013,186,203,182,10.3,Gasoline,5,1948,0.43121212378967533,1,165664,8.1,Automatic,False
Mercedes,C-Class,2007,348,340,239,5.6,Diesel,4,1818,0.4104752029697559,2,257171,5.7,Manual,False
Koenigsegg,Agera,2025,568,607,329,5.9,Gasoline,2,1149,0.3610948094013283,4,0,3.6,Automatic,False
Audi,A3,1997,213,133,200,7.1,Diesel,3,1789,0.34656183632716625,1,398426,7.2,Manual,False
Peugeot,308,1995,88,26,155,4.6,Gasoline,5,1059,0.29860299305157256,0,435832,8.7,Manual,False
Bugatti,Chiron,2010,666,1657,354,7.3,Gasoline,2,1215,0.3969082925896147,2,215415,3.4,Manual,False
Koenigsegg,Agera,1995,427,936,285,17.2,Electric,2,1332,0.3237237614201831,0,431131,4.4,Manual,False
Renault,Clio,2002,105,59,161,5.9,Gasoline,5,1017,0.3052642563331343,0,327734,7.8,Manual,False
Renault,Clio,2023,115,47,171,3.6,Diesel,3,1155,0.20238671763185878,1,10977,7.9,Manual,False
Citroen,C4,1995,103,52,163,4.0,Gasoline,3,967,0.2495821757180447,0,431997,7.7,Automatic,False
Renault,Megane,1995,69,25,146,3.6,Diesel,5,1022,0.33692324684791997,1,441975,9.6,Manual,False
Renault,Twingo,2019,66,27,147,3.1,Diesel,3,959,0.2767085608163847,1,77995,9.5,Manual,False
Audi,A6,2021,228,160,206,9.1,Gasoline,5,1591,0.33889323512515607,2,50379,6.6,Manual,False
Mercedes,C-Class,2018,217,252,201,19.1,Electric,3,1721,0.3498395479775021,0,89775,7.0,Manual,False
Mercedes,E-Class,2011,340,276,234,6.3,Gasoline,5,1705,0.42600668513981343,2,199256,5.6,Manual,False
Audi,A3,2022,282,350,213,16.1,Electric,3,1533,0.436153177797904,0,24540,5.8,Manual,False
Bugatti,Veyron,2010,1081,2335,500,8.8,Gasoline,3,1616,0.3923416574739899,2,210380,3.1,Automatic,False
Citroen,C4,2022,104,34,159,4.7,Gasoline,5,908,0.3312084631836022,1,34941,7.4,Manual,False
Citroen,C3,2014,62,35,147,4.4,Gasoline,3,1148,0.20187919880875027,1,154251,10.8,Automatic,False
Bugatti,Veyron,2014,474,630,292,6.8,Gasoline,2,1736,0.3725692240122648,4,143729,4.8,Automatic,False
Ferrari,F8,2002,1153,2945,500,20.5,Electric,2,1330,0.34453958508592075,0,330768,2.7,Automatic,False
Audi,A1,2012,187,119,183,6.1,Gasoline,5,1598,0.41981968471320336,1,176717,7.3,Automatic,False
Mercedes,A-Class,1995,280,167,216,5.4,Diesel,4,1582,0.40971978624073724,1,434665,5.9,Manual,False
Koenigsegg,Agera,2016,853,1726,444,8.9,Gasoline,3,1697,0.3399586510276126,3,113252,3.5,Automatic,False
Audi,A3,2018,153,134,177,5.7,Gasoline,5,1620,0.34887380062754614,2,95862,8.1,Manual,False
Peugeot,208,2022,68,23,146,13.2,Electric,5,986,0.3277944241689551,0,28641,9.5,Manual,False
Ferrari,Roma,2003,460,720,282,5.6,Gasoline,2,1109,0.3918915127009446,3,313899,3.9,Automatic,False
Koenigsegg,Jesko,2002,591,694,348,8.1,Gasoline,3,1797,0.3266825890720518,4,328728,4.4,Automatic,False
Bugatti,Chiron,2025,930,1243,489,8.2,Gasoline,2,1566,0.30606336313478694,2,0,3.2,Automatic,False
Renault,Twingo,2024,104,58,164,3.6,Gasoline,5,1032,0.2416670702418781,1,0,7.9,Manual,False
Peugeot,208,2004,61,20,145,6.0,Gasoline,5,1095,0.26339404052069726,0,296414,10.6,Manual,False
Renault,Twingo,2005,117,66,170,4.4,Gasoline,4,1132,0.23755505559732473,0,282785,7.8,Manual,False
Audi,A3,2008,300,221,221,5.0,Diesel,4,1835,0.42556382538574533,1,234096,6.2,Manual,False
Renault,Twingo,2015,67,34,146,5.1,Gasoline,4,1040,0.30277977122403743,1,131805,9.8,Automatic,False
Renault,Clio,2005,62,29,147,5.7,Gasoline,4,1092,0.2096635237227043,0,282145,10.5,Manual,False
Audi,A3,2001,350,217,247,29.6,Electric,4,1971,0.37403347904701695,0,346383,5.9,Manual,False
BMW,Serie 5,2016,219,212,206,10.7,Gasoline,3,1955,0.31091849193710713,1,116957,7.5,Automatic,False
Renault,Clio,1995,75,36,150,3.0,Diesel,3,953,0.28456767283038525,1,439603,8.9,Manual,False
Peugeot,3008,2000,94,49,156,5.8,Gasoline,5,1133,0.3202708903157259,0,359003,8.7,Manual,False
Renault,Clio,2000,61,23,146,4.1,Gasoline,3,1055,0.22684232458012038,0,361241,10.4,Manual,False
Peugeot,208,2023,95,57,157,3.2,Diesel,5,1092,0.3085389140831527,1,10242,8.5,Manual,False
Citroen,C3,2013,107,57,164,6.0,Gasoline,4,1172,0.27728641352919625,1,166809,8.3,Manual,False
Bugatti,Divo,2004,598,982,349,5.4,Gasoline,3,1516,0.33193261553983705,2,296002,4.0,Automatic,False
Audi,A6,2017,343,295,242,7.6,Gasoline,5,1774,0.3839526146498231,1,103786,5.7,Automatic,False
Peugeot,3008,2002,81,36,154,3.4,Gasoline,4,919,0.2520798066666587,0,327812,8.4,Automatic,False
Renault,Twingo,2017,81,38,152,19.0,Electric,3,1194,0.2870698742034519,0,111873,9.6,Manual,False
Bugatti,Veyron,2023,553,1181,314,19.7,Electric,2,1461,0.39763594963947835,0,18425,4.1,Automatic,False
Peugeot,308,2006,72,27,149,3.7,Gasoline,4,986,0.2855089387308585,0,275884,9.3,Manual,False
Bugatti,Divo,2001,609,1149,335,6.1,Gasoline,3,1606,0.39187284143781415,3,346102,4.1,Manual,False
BMW,Serie 1,2020,313,245,221,8.1,Gasoline,3,1635,0.448975903616173,2,59806,5.7,Manual,False
Ferrari,SF90,2004,1199,1481,500,22.3,Electric,3,1551,0.32488088862061454,0,293984,2.8,Automatic,False
Bugatti,Chiron,1998,567,690,334,14.8,Electric,3,1459,0.3443513734618457,0,387849,4.0,Manual,False
Citroen,C5,2006,116,53,170,3.4,Gasoline,4,931,0.23568198774752536,0,266562,7.1,Manual,False
Ferrari,Roma,2013,947,1050,457,4.4,Gasoline,3,1311,0.38704395439813105,2,170866,2.9,Manual,False
Mercedes,E-Class,2023,310,168,221,6.9,Gasoline,3,1830,0.44672679551127903,1,17743,6.1,Manual,False
Bugatti,Veyron,2012,691,876,381,16.2,Electric,2,1221,0.34342157598012474,0,181286,3.3,Automatic,False
Koenigsegg,Regera,2021,1122,1959,500,6.9,Gasoline,2,1796,0.32665870632002236,4,48266,3.2,Automatic,False
Citroen,C5,2023,109,64,167,6.7,Gasoline,4,1133,0.23496349151179616,1,14831,8.1,Manual,False
Ferrari,F8,2003,687,1582,374,7.1,Gasoline,3,1517,0.35771326469807296,2,321705,3.7,Manual,False
Peugeot,208,1996,85,47,154,3.3,Diesel,3,914,0.2944977829746396,1,424940,8.2,Automatic,False
Peugeot,308,2004,67,31,147,17.9,Electric,5,1189,0.26930151235365307,0,293979,10.5,Manual,False
Mercedes,A-Class,2012,261,260,213,5.5,Gasoline,4,1504,0.3866985397495939,2,177215,6.0,Automatic,False
Audi,A3,2021,318,287,232,5.1,Diesel,4,1872,0.393424458098325,2,51266,6.1,Manual,False
Mercedes,E-Class,2000,268,249,222,21.3,Electric,3,1484,0.3333303872004788,0,364811,5.9,Manual,False
Peugeot,3008,2006,92,48,160,5.4,Gasoline,3,1143,0.22071695828340165,0,265249,8.8,Automatic,False
Bugatti,Veyron,2007,731,1109,379,5.8,Gasoline,3,1288,0.390680047309029,3,249703,3.3,Manual,False
Bugatti,Chiron,2008,582,1084,330,21.6,Electric,3,1569,0.37740272923310064,0,241951,4.1,Automatic,False
Peugeot,308,1997,71,25,146,5.0,Gasoline,5,1004,0.34808510736311604,0,406109,9.4,Manual,False
Koenigsegg,Jesko,2005,1095,1358,500,5.8,Gasoline,3,1391,0.3292114630663808,2,290023,2.8,Automatic,False
Renault,Twingo,1996,76,22,152,5.5,Gasoline,3,950,0.25214631969168594,0,423594,8.8,Manual,False
Ferrari,F8,1997,960,1815,480,15.8,Electric,3,1132,0.34925551711079283,0,407066,2.7,Automatic,False
Ferrari,Roma,2010,982,1172,482,5.9,Gasoline,2,1536,0.3624585674398835,4,204250,3.1,Automatic,False
Citroen,C5,2018,92,36,158,4.7,Gasoline,5,935,0.260649744968689,1,92380,8.0,Automatic,False
Renault,Clio,2012,78,23,149,3.5,Gasoline,3,957,0.34885989912188564,1,180082,8.8,Manual,False
Ferrari,F8,2022,627,1284,343,6.2,Gasoline,3,1621,0.3869921621537431,2,36468,4.0,Automatic,False
Mercedes,E-Class,2016,317,349,226,17.9,Electric,4,1573,0.42746499933179705,0,123425,5.6,Automatic,False
BMW,Serie 5,2002,330,213,230,8.4,Gasoline,4,1705,0.4321322645084905,1,333877,5.7,Manual,False
Koenigsegg,Jesko,2011,765,1017,389,8.6,Gasoline,2,1683,0.3962059974324289,2,197646,3.7,Automatic,False
Peugeot,3008,2003,68,35,147,3.9,Gasoline,5,977,0.30108519538043577,0,319333,9.5,Automatic,False
Audi,A1,1998,308,236,237,22.0,Electric,4,1578,0.3382408358181016,0,391240,5.7,Automatic,False
Bugatti,Divo,2019,512,1139,312,8.9,Gasoline,2,1632,0.34634785617176306,4,68605,4.5,Automatic,False
Audi,A3,2006,213,242,192,5.4,Gasoline,4,1580,0.41783491968265596,2,273134,6.8,Automatic,False
BMW,Serie 3,2017,338,320,235,7.2,Diesel,4,1899,0.41587159249351063,2,109171,5.9,Automatic,False
BMW,Serie 5,1995,182,131,181,5.2,Diesel,4,1441,0.4193968385734611,1,435157,7.0,Manual,False
BMW,Serie 1,1997,195,175,187,7.1,Gasoline,5,1695,0.40969194688034505,1,408796,7.4,Automatic,False
BMW,Serie 1,2002,200,152,190,6.4,Gasoline,4,1442,0.3940380915406133,1,323820,6.7,Manual,False
Ferrari,F8,2012,1034,1574,483,4.3,Gasoline,3,1146,0.39757659454531463,2,175384,2.6,Manual,False
Ferrari,F8,2019,750,1621,402,8.2,Gasoline,3,1488,0.34655316932924984,2,81137,3.5,Automatic,False
Koenigsegg,Jesko,2010,1082,2222,500,15.3,Electric,2,1124,0.3725559456808716,0,206931,2.5,Automatic,False
Renault,Twingo,1999,70,39,151,5.1,Gasoline,5,1177,0.2127417386359033,0,369195,10.3,Manual,False
BMW,Serie 3,2020,312,213,234,8.7,Gasoline,5,1890,0.3643943527558625,2,58016,6.2,Automatic,False
Peugeot,3008,2017,112,57,164,5.4,Gasoline,3,1072,0.30338453039311264,1,99784,7.7,Manual,False
Renault,Megane,2024,73,40,149,4.0,Diesel,3,1018,0.2931485632628894,1,0,9.3,Manual,False
Citroen,C4,2023,66,31,149,4.4,Gasoline,4,1097,0.21655874013646323,1,11687,10.2,Automatic,False
BMW,Serie 3,2007,215,144,201,20.7,Electric,4,1872,0.3375123819554303,0,255490,7.4,Automatic,False
Citroen,C5,2025,63,30,144,3.6,Diesel,5,1172,0.3100420201607112,2,0,10.8,Manual,False
Koenigsegg,Agera,2020,1039,2057,500,9.2,Gasoline,3,1598,0.34526209478829767,4,59633,3.1,Automatic,False
Mercedes,C-Class,2010,331,260,237,8.7,Gasoline,4,1845,0.39138151896536527,1,205405,5.9,Automatic,False
Koenigsegg,Regera,2002,478,848,303,6.6,Gasoline,3,1449,0.3304365192945068,2,326957,4.4,Automatic,False
Mercedes,C-Class,2023,299,266,225,7.5,Gasoline,3,1690,0.3967108642439004,1,8896,5.9,Manual,False
Ferrari,SF90,2000,748,1611,400,6.3,Gasoline,3,1668,0.3489213962869977,4,354017,3.7,Manual,False
Renault,Megane,2022,63,19,147,4.6,Gasoline,3,1091,0.22600072280366656,1,27263,10.4,Manual,False
Koenigsegg,Regera,2003,1109,2025,500,5.4,Gasoline,2,1161,0.3022656462065364,4,318348,2.6,Automatic,False
Koenigsegg,Jesko,2022,965,1094,468,14.9,Electric,3,1355,0.37820532863041445,0,29228,3.0,Manual,False
Peugeot,308,2021,74,24,149,4.8,Gasoline,5,945,0.30568801891207165,1,46832,8.9,Manual,False
Audi,A6,1999,345,422,236,6.8,Gasoline,4,1846,0.42219226613902816,1,381452,5.8,Automatic,False
Ferrari,Roma,2013,918,1373,481,6.1,Gasoline,2,1761,0.31296626349379914,3,159899,3.5,Automatic,False
Citroen,C3,1998,108,31,164,5.4,Gasoline,5,936,0.2680968498008441,0,395034,7.4,Automatic,False
Bugatti,Divo,2022,968,2379,486,7.4,Gasoline,3,1374,0.34291076311527646,2,26259,3.0,Automatic,False
Mercedes,E-Class,2005,238,154,205,6.9,Gasoline,3,1861,0.3801377972316804,1,285622,7.0,Manual,False
Audi,A6,2013,256,188,214,23.1,Electric,3,1740,0.36447336051248846,0,158104,6.5,Automatic,False
Koenigsegg,Agera,2023,786,1778,424,5.8,Gasoline,3,1285,0.3240017828841974,2,14315,3.2,Manual,False
Bugatti,Veyron,2011,886,1449,435,4.6,Gasoline,3,1173,0.38884068332406035,3,196128,2.9,Manual,False
Ferrari,SF90,2019,960,2304,477,6.6,Gasoline,3,1133,0.3552626288582946,2,79748,2.7,Automatic,False
Renault,Megane,2003,115,46,167,3.9,Gasoline,5,996,0.2793529207920053,0,309809,7.4,Manual,False
BMW,Serie 1,2020,206,123,195,7.4,Gasoline,5,1507,0.3656452039225002,2,60641,6.8,Manual,False
Koenigsegg,Regera,1996,526,563,312,6.4,Gasoline,3,1423,0.36745554436354727,3,422363,4.1,Automatic,False
Peugeot,308,2024,112,39,163,5.6,Gasoline,4,949,0.32696455216618264,1,0,7.3,Manual,False
Koenigsegg,Jesko,2013,418,633,273,6.6,Gasoline,2,1346,0.3633372335601382,4,167569,4.5,Automatic,False
BMW,Serie 5,2008,189,162,181,5.3,Diesel,3,1930,0.44729385203968564,1,234311,8.0,Automatic,False
Peugeot,308,2002,83,41,152,4.4,Gasoline,5,1155,0.32368994352671626,0,327423,9.3,Manual,False
Peugeot,3008,2017,113,33,164,5.1,Gasoline,4,934,0.3062372671369571,1,99864,7.2,Manual,False
Renault,Clio,1996,71,33,151,5.2,Gasoline,4,919,0.21061647633676828,0,414786,9.0,Manual,False
Renault,Twingo,2020,112,57,162,4.9,Gasoline,5,1179,0.33991580093194873,1,65859,8.1,Manual,False
Peugeot,3008,2014,63,24,144,4.7,Gasoline,3,1125,0.31428883493140114,1,154093,10.6,Automatic,False
Renault,Twingo,2016,63,30,147,6.1,Gasoline,3,1081,0.22213922752273657,1,121296,10.4,Manual,False
Citroen,C5,2021,109,42,163,2.7,Diesel,5,973,0.29511504734439653,1,46698,7.5,Automatic,False
Koenigsegg,Jesko,2021,649,1750,371,19.0,Electric,2,1609,0.32547322109856625,0,39529,3.9,Manual,False
Audi,A3,2016,310,303,224,4.8,Diesel,3,1403,0.42570794719244787,1,125975,5.3,Manual,False
Bugatti,Chiron,2002,962,1781,491,17.4,Electric,2,1437,0.32787403422023387,0,331006,3.1,Manual,False
BMW,Serie 5,2014,200,142,186,10.8,Gasoline,5,1956,0.4380090634169571,2,147039,7.8,Manual,False
Koenigsegg,Regera,2013,573,1573,347,6.0,Gasoline,3,1147,0.3068251628792022,2,164349,3.5,Manual,False
Renault,Clio,1997,66,26,147,15.0,Electric,4,1144,0.2583379874596027,0,409213,10.4,Manual,False
Citroen,C4,1997,62,34,144,5.6,Gasoline,4,1002,0.31013308748653046,0,402692,10.1,Manual,False
Renault,Megane,1995,115,51,167,6.0,Gasoline,3,1105,0.2736030137718631,0,439289,7.7,Manual,False
Citroen,C4,2005,88,26,157,3.1,Diesel,3,1065,0.2511055953853782,2,281492,8.7,Manual,False
Ferrari,SF90,1995,416,668,273,8.6,Gasoline,3,1476,0.3605062806448255,4,434090,4.7,Manual,False
Bugatti,Veyron,2011,847,1510,438,6.3,Gasoline,3,1295,0.3487533764060253,3,200022,3.1,Manual,False
Bugatti,Veyron,2004,1007,2640,490,7.7,Gasoline,2,1736,0.36344563874981095,2,298434,3.3,Automatic,False
Bugatti,Veyron,2007,1190,3041,500,8.1,Gasoline,2,1436,0.36283565016654695,3,259124,2.7,Automatic,False
Renault,Megane,2008,61,22,147,4.4,Gasoline,4,1149,0.2052805541352995,0,245520,10.9,Manual,False
Mercedes,A-Class,2013,167,82,185,29.7,Electric,5,1987,0.3127926291416134,0,165151,8.6,Automatic,False
Renault,Twingo,2013,112,57,168,15.9,Electric,3,1036,0.23818646071416663,0,171397,7.6,Manual,False
Mercedes,E-Class,2019,295,285,218,4.9,Diesel,3,1570,0.4316163234813988,1,80024,5.8,Automatic,False
Bugatti,Veyron,2000,847,1316,437,20.7,Electric,3,1488,0.3505950010281261,0,363171,3.3,Automatic,False
Bugatti,Chiron,2004,945,2045,479,11.3,Electric,3,1103,0.338426286947819,0,306035,2.7,Automatic,False
Peugeot,208,2020,100,42,162,5.2,Gasoline,3,932,0.2558991136040353,1,65020,7.6,Manual,False
Ferrari,F8,2022,442,747,286,10.1,Gasoline,3,1793,0.34464572145899774,3,33229,5.0,Automatic,False
BMW,Serie 5,2013,226,170,209,8.0,Gasoline,5,1418,0.30576751941037994,1,171571,6.3,Manual,False
BMW,Serie 5,2006,273,247,213,4.5,Diesel,4,1476,0.4181798953957833,2,276926,5.8,Manual,False
Audi,A6,2018,179,146,182,17.8,Electric,5,1583,0.4050783413228791,0,94840,7.4,Manual,False
Bugatti,Chiron,2007,880,1817,440,6.6,Gasoline,2,1165,0.37096283224214566,2,251907,2.9,Manual,False
Ferrari,F8,2021,441,886,289,6.6,Gasoline,3,1478,0.32931583888776506,3,42455,4.6,Automatic,False
Ferrari,SF90,1997,1057,2214,492,9.1,Gasoline,3,1751,0.3958905956363802,3,406233,3.2,Manual,False
Bugatti,Veyron,2008,464,1267,301,6.5,Gasoline,3,1338,0.3167986086189555,3,238057,4.2,Automatic,False
Mercedes,A-Class,1999,267,145,221,5.3,Diesel,3,1446,0.33846723104896437,1,370870,5.8,Manual,False
BMW,Serie 5,2005,296,294,217,27.3,Electric,4,1666,0.4403109723063314,0,279508,5.9,Automatic,False
Mercedes,C-Class,2010,157,139,181,8.4,Gasoline,4,1540,0.3129085886401708,1,205935,7.8,Manual,False
Renault,Clio,2019,77,35,149,3.9,Gasoline,3,1075,0.34432602185288,1,75000,9.3,Manual,False
BMW,Serie 3,2011,251,241,215,6.6,Gasoline,5,1505,0.34242831289953163,1,198747,6.1,Automatic,False
Ferrari,Roma,2001,791,1500,408,8.1,Gasoline,3,1722,0.37066525796738325,3,350242,3.7,Manual,False
BMW,Serie 5,1999,196,155,193,6.8,Diesel,4,1861,0.35268202522398834,1,373681,7.7,Manual,False
BMW,Serie 1,2018,182,165,185,8.3,Gasoline,5,1767,0.37808113531500154,1,91177,7.8,Manual,False
Renault,Megane,2024,74,29,151,4.9,Gasoline,5,994,0.2527217258384721,1,0,9.2,Manual,False
BMW,Serie 1,1998,248,232,212,16.5,Electric,3,1412,0.35644028491109986,0,395663,6.0,Automatic,False
Koenigsegg,Jesko,2024,1186,2873,500,20.1,Electric,3,1705,0.3120341014349713,0,0,3.0,Automatic,False
Mercedes,E-Class,1999,333,256,245,20.1,Electric,5,1973,0.3491494832043278,0,381346,6.1,Manual,False
Peugeot,308,2001,100,39,161,3.8,Gasoline,3,1080,0.2717209567269784,0,349358,8.2,Automatic,False
Koenigsegg,Agera,1997,902,1098,445,5.6,Gasoline,3,1357,0.37884918804972423,2,406102,3.1,Manual,False
Renault,Megane,2014,75,32,151,13.2,Electric,3,1041,0.2618108677892576,0,143746,9.3,Manual,False
Peugeot,308,2020,79,45,155,5.1,Gasoline,5,1161,0.20839853175116982,1,65837,9.6,Manual,False
Renault,Twingo,2002,88,27,153,6.6,Gasoline,4,1157,0.33862351329543394,0,335431,9.1,Manual,False
Ferrari,F8,2020,978,1408,464,7.6,Gasoline,3,1414,0.39643539885331536,2,65139,3.0,Automatic,False
Mercedes,A-Class,2013,258,178,220,6.4,Gasoline,3,1586,0.3244787830244079,1,169059,6.2,Manual,False
Mercedes,C-Class,1996,248,264,210,7.2,Diesel,5,1996,0.3666608626420334,1,414294,7.1,Manual,False
Citroen,C3,2016,99,53,157,3.7,Gasoline,5,1046,0.3326444372139226,1,118309,8.1,Manual,False
Citroen,C5,2011,112,50,167,4.5,Gasoline,3,1106,0.25843480741803876,1,195577,7.9,Manual,False
Peugeot,208,1997,115,39,167,15.3,Electric,5,1157,0.26701657971115594,0,406296,7.9,Manual,False
Ferrari,Roma,2008,402,943,280,4.3,Gasoline,3,1153,0.3019434535062975,2,245094,4.2,Automatic,False
Mercedes,C-Class,2009,222,262,200,5.2,Diesel,5,1853,0.37169460455932485,1,231011,7.2,Manual,False
Koenigsegg,Regera,2003,1046,1228,500,5.6,Gasoline,3,1361,0.30058300138414673,4,318321,2.9,Manual,False
Renault,Twingo,2007,71,28,149,3.9,Diesel,3,1043,0.2808237091438456,2,249991,9.6,Automatic,False
Bugatti,Divo,2020,953,2321,475,8.7,Gasoline,3,1609,0.3529371319489491,4,59281,3.2,Manual,False
Mercedes,C-Class,2017,271,185,209,8.7,Gasoline,3,1522,0.4419638801305308,1,103437,5.9,Manual,False
BMW,Serie 1,2002,294,266,217,4.4,Diesel,4,1422,0.4368428699917485,2,325542,5.5,Automatic,False
Audi,A6,2007,181,190,184,8.8,Gasoline,3,1635,0.3817943197981732,2,256527,7.5,Automatic,False
BMW,Serie 1,1996,336,211,248,8.3,Gasoline,4,1765,0.33445063786021745,2,413510,5.7,Automatic,False
Peugeot,3008,1999,100,32,163,6.2,Gasoline,5,1184,0.23858967832768088,0,377876,8.6,Manual,False
Renault,Clio,1995,67,23,146,5.0,Gasoline,4,906,0.31692133142811657,0,440352,9.2,Manual,False
Koenigsegg,Jesko,2022,661,1318,365,5.5,Gasoline,3,1443,0.35774167651086347,4,27198,3.7,Manual,False
BMW,Serie 3,2025,181,103,183,6.5,Gasoline,4,1715,0.39306203652288746,1,0,7.7,Manual,False
Ferrari,F8,2002,1054,2007,496,12.0,Electric,2,1181,0.38587099436509165,0,327925,2.6,Automatic,False
Ferrari,F8,2024,826,1054,442,13.4,Electric,3,1273,0.31918095275428987,0,0,3.1,Automatic,False
Koenigsegg,Regera,2011,907,1447,455,7.2,Gasoline,3,1511,0.3601906770356165,2,200748,3.2,Manual,False
Renault,Megane,2014,71,32,149,5.1,Gasoline,3,947,0.282698480562955,1,155429,9.1,Automatic,False
Audi,A3,2007,243,222,216,7.1,Diesel,5,1856,0.3078951737382263,2,250872,6.9,Automatic,False
Audi,A1,2018,166,132,184,5.6,Diesel,3,1457,0.32446263212892634,1,87311,7.4,Manual,False
Mercedes,C-Class,2024,336,367,248,7.5,Gasoline,4,1618,0.3351402410581274,1,0,5.5,Automatic,False
Citroen,C5,2011,109,55,167,4.1,Gasoline,5,933,0.23276707191034457,1,199692,7.3,Manual,False
BMW,Serie 5,2015,263,295,209,6.2,Diesel,5,1688,0.42280644375293847,2,133354,6.3,Manual,False
Mercedes,A-Class,2020,212,255,193,8.0,Gasoline,4,1906,0.4083458234887756,1,64256,7.5,Manual,False
Renault,Twingo,2015,99,46,157,12.2,Electric,4,910,0.3363865469635461,0,139153,7.6,Automatic,False
Koenigsegg,Jesko,2021,401,614,276,23.0,Electric,2,1565,0.3193662430249431,0,43417,4.9,Manual,False
Citroen,C4,2009,108,32,166,5.5,Gasoline,5,1167,0.2444874090333528,0,224611,8.2,Manual,False
Audi,A1,2014,223,211,193,18.2,Electric,3,1562,0.445126443070452,0,143866,6.6,Manual,False
Mercedes,A-Class,2011,228,259,196,5.5,Diesel,3,1516,0.42911678770019424,2,195165,6.4,Automatic,False
Bugatti,Veyron,2004,772,1739,417,6.5,Gasoline,3,1736,0.32801347324550645,3,299875,3.7,Manual,False
Audi,A3,1996,316,239,228,5.8,Diesel,5,1717,0.41255116515716794,1,413504,5.8,Manual,False
BMW,Serie 5,2012,152,106,173,6.8,Gasoline,3,1423,0.3982962586017327,1,176874,7.6,Automatic,False
Bugatti,Veyron,2013,539,1030,315,8.8,Gasoline,3,1492,0.37526865975826373,3,167414,4.2,Automatic,False
BMW,Serie 3,2007,231,283,197,5.7,Diesel,3,1445,0.4292072872026646,2,257170,6.3,Manual,False
Peugeot,208,2001,102,53,159,6.0,Gasoline,4,1026,0.3274553009381579,0,339748,7.9,Manual,False
Citroen,C3,1996,105,50,161,5.4,Gasoline,3,1172,0.3161352541091237,0,413603,8.4,Automatic,False
Renault,Clio,1995,83,53,154,12.8,Electric,4,1049,0.27215957564724946,0,440182,8.9,Manual,False
BMW,Serie 5,2012,229,172,198,9.4,Gasoline,4,1941,0.4124731562686511,1,186860,7.3,Manual,False
Mercedes,E-Class,2004,326,268,228,4.5,Diesel,4,1670,0.43507762831381736,2,294327,5.7,Manual,False
Audi,A1,2020,155,104,180,8.9,Gasoline,4,1705,0.3200299044635239,1,61439,8.3,Automatic,False
Audi,A3,2021,295,300,235,4.7,Diesel,5,1632,0.31390153607861593,1,38021,5.9,Manual,False
Bugatti,Chiron,2008,510,922,311,8.8,Gasoline,2,1688,0.34733646209630437,4,237841,4.5,Manual,False
Bugatti,Veyron,2006,868,1925,450,7.5,Gasoline,2,1361,0.3381966080167029,2,267617,3.1,Manual,False
Audi,A1,2021,350,322,240,5.3,Gasoline,4,1419,0.4135138030871612,1,50169,5.0,Manual,False
BMW,Serie 3,2024,207,116,191,10.0,Gasoline,3,1682,0.4059799457145175,1,0,7.1,Manual,False
Peugeot,208,2006,94,32,161,5.7,Gasoline,4,1121,0.21736289968777744,0,271631,8.6,Manual,False
BMW,Serie 5,1997,190,141,190,8.6,Gasoline,4,1715,0.36105091487175456,2,411563,7.5,Automatic,False
Koenigsegg,Jesko,2020,548,1051,326,4.3,Gasoline,3,1172,0.3463749305683973,2,64485,3.7,Manual,False
Mercedes,E-Class,1998,266,267,207,23.5,Electric,4,2000,0.4409310680410663,0,386334,6.9,Manual,False
BMW,Serie 1,2008,184,171,186,5.2,Diesel,5,1854,0.38128052203439666,1,241011,7.9,Manual,False
Citroen,C4,2024,74,45,152,4.3,Diesel,3,1186,0.21816977151938308,2,0,10.0,Automatic,False
Citroen,C4,2008,103,40,166,5.6,Gasoline,5,1026,0.20073886511655906,0,243615,7.9,Manual,False
Audi,A6,2023,346,334,240,21.9,Electric,5,1875,0.4013126181573211,0,11893,5.8,Manual,False
Audi,A6,2011,296,175,237,5.9,Gasoline,4,1440,0.30677318282365446,2,200953,5.5,Automatic,False
Ferrari,Roma,2012,1193,2640,500,22.7,Electric,3,1502,0.36566622084436684,0,181861,2.8,Automatic,False
Citroen,C3,2021,82,42,156,3.8,Diesel,5,1185,0.20090026940469521,1,43035,9.5,Manual,False
Ferrari,F8,2021,521,1340,312,6.6,Gasoline,2,1151,0.3600800801394163,2,48834,3.7,Automatic,False
Koenigsegg,Regera,2016,836,1422,446,8.7,Gasoline,3,1686,0.31891768849527113,3,118334,3.6,Manual,False
Audi,A3,2005,193,100,189,6.0,Diesel,3,1641,0.3815874934519236,1,282070,7.3,Automatic,False
Audi,A3,2000,183,216,191,6.2,Gasoline,5,1404,0.3223196531551911,2,356327,6.9,Automatic,False
Renault,Clio,2019,88,45,156,3.4,Gasoline,3,910,0.272374373582592,1,71100,8.0,Manual,False
Citroen,C5,2016,88,28,159,3.0,Diesel,4,940,0.20599110974556295,2,122358,8.2,Automatic,False
Peugeot,308,1999,93,52,158,4.7,Gasoline,4,1052,0.2620622178908829,0,370270,8.4,Manual,False
Bugatti,Divo,2000,760,1693,389,13.7,Electric,2,1309,0.39079038095700885,0,360351,3.3,Automatic,False
Koenigsegg,Jesko,1997,1080,2165,500,19.1,Electric,3,1349,0.33367014669138906,0,402742,2.8,Automatic,False
Ferrari,F8,2007,728,1139,388,6.1,Gasoline,2,1490,0.36331153798369936,2,250885,3.6,Manual,False
Peugeot,308,1999,78,36,154,11.9,Electric,4,1105,0.21385965663305465,0,377764,9.4,Manual,False
Bugatti,Chiron,2019,1115,2215,500,4.1,Gasoline,3,1136,0.31018198053719,4,78451,2.5,Manual,False
Bugatti,Chiron,2025,1109,1934,500,18.1,Electric,2,1165,0.3841182980827862,0,0,2.6,Automatic,False
Ferrari,F8,2013,678,1058,376,4.0,Gasoline,3,1141,0.3445629443490352,3,158525,3.2,Automatic,False
BMW,Serie 3,2025,221,163,199,4.7,Diesel,4,1624,0.38078381662279653,2,0,6.8,Manual,False
Mercedes,C-Class,2020,253,216,203,10.7,Gasoline,5,2000,0.44106126467327006,1,55850,7.0,Manual,False
Audi,A1,2020,275,238,225,6.8,Diesel,4,1808,0.3356518453337827,1,59858,6.4,Manual,False
Peugeot,308,2010,78,30,153,4.1,Gasoline,3,901,0.24700695564621597,1,209008,8.5,Manual,False
BMW,Serie 3,2013,160,90,177,5.2,Diesel,3,1492,0.37581283334143095,1,158765,7.6,Manual,False
Ferrari,Roma,2023,680,1704,361,18.8,Electric,3,1562,0.3885477913843022,0,21005,3.8,Automatic,False
Peugeot,308,2003,83,43,157,5.3,Gasoline,3,1152,0.20792026497150748,0,320768,9.3,Manual,False
Peugeot,208,2015,60,23,143,6.1,Gasoline,5,1147,0.30969918902451843,1,138072,10.9,Manual,False
Renault,Megane,1998,96,31,160,4.2,Gasoline,3,1035,0.26319854685719446,0,383306,8.2,Manual,False
Mercedes,A-Class,2002,344,236,248,7.9,Gasoline,5,1615,0.353756950164164,1,327988,5.4,Manual,False
Bugatti,Veyron,2001,420,696,272,10.0,Gasoline,2,1707,0.373017941176836,3,345191,5.0,Manual,False
BMW,Serie 1,2007,242,212,206,19.0,Electric,4,1851,0.38684912155685736,0,256884,6.9,Manual,False
Renault,Twingo,2013,75,29,149,12.1,Electric,5,1090,0.30289532460403307,0,158913,9.5,Automatic,False
BMW,Serie 1,2009,207,134,197,7.0,Diesel,5,1833,0.3514718428113527,1,227078,7.4,Manual,False
Mercedes,A-Class,2019,167,107,175,6.5,Gasoline,5,1891,0.43840541939344607,1,73270,8.4,Manual,False
Peugeot,208,2025,78,50,152,5.2,Gasoline,4,1054,0.2722491938384577,1,0,9.2,Manual,False
Mercedes,E-Class,2019,234,178,198,11.5,Gasoline,5,1928,0.4264876239603033,1,72340,7.2,Automatic,False
Renault,Megane,2009,65,32,148,3.5,Gasoline,5,992,0.22082613831770304,0,219419,9.8,Manual,False
BMW,Serie 5,2007,270,222,222,5.5,Diesel,3,1564,0.3375522532670507,2,248348,6.0,Automatic,False
Renault,Clio,2015,118,59,167,6.6,Gasoline,3,1115,0.28731759007141683,1,137737,7.7,Manual,False
Renault,Megane,2001,76,28,153,3.5,Diesel,3,1193,0.21552327333171017,2,342305,9.9,Manual,False
Peugeot,3008,2018,108,60,168,12.5,Electric,5,997,0.21064606766268687,0,85437,7.6,Manual,False
Mercedes,E-Class,1997,151,142,177,8.6,Gasoline,4,1981,0.34471259917351865,1,403168,9.1,Automatic,False
Mercedes,C-Class,2019,215,159,199,5.2,Diesel,4,1718,0.36232575363975866,2,68370,7.1,Manual,False
Renault,Megane,2001,73,33,151,4.6,Gasoline,5,1011,0.22521242017462637,0,350978,9.3,Manual,False
Renault,Megane,1998,87,48,158,5.5,Gasoline,3,1042,0.2227659522338953,0,386940,8.7,Manual,False
Audi,A6,2015,178,107,182,6.0,Diesel,5,1552,0.4031598003603889,1,137399,7.4,Manual,False
Bugatti,Divo,2022,1196,1930,500,6.9,Gasoline,2,1195,0.3209898848234504,4,32222,2.5,Manual,False
Koenigsegg,Jesko,2016,761,1304,386,20.5,Electric,3,1743,0.3996296092484335,0,125317,3.8,Automatic,False
Mercedes,A-Class,1999,251,246,206,11.3,Gasoline,5,1957,0.40805048770956176,2,379198,7.0,Manual,False
Bugatti,Chiron,2007,498,849,296,18.3,Electric,2,1437,0.3921214412277278,0,253551,4.2,Automatic,False
Citroen,C4,2025,85,26,157,5.8,Gasoline,3,1143,0.22488997772877972,1,0,9.2,Manual,False
Ferrari,SF90,2013,982,1988,495,5.9,Gasoline,2,1313,0.3351638305808066,4,162302,2.9,Automatic,False
Ferrari,SF90,2005,1142,1980,500,19.0,Electric,2,1627,0.34470810405732155,0,286058,3.0,Automatic,False
Mercedes,C-Class,2016,187,108,181,5.9,Diesel,3,1961,0.4381517551367587,2,125058,8.1,Automatic,False
Renault,Clio,1995,66,33,147,4.5,Gasoline,4,1107,0.2754287703222116,0,432108,10.2,Automatic,False
Citroen,C5,1996,83,46,153,4.8,Gasoline,4,1005,0.3011253825027076,0,417249,8.7,Automatic,False
Peugeot,3008,2013,93,26,160,5.9,Gasoline,3,1200,0.2309682786635081,1,164812,9.0,Manual,False
Audi,A1,2013,286,280,216,7.2,Gasoline,5,1699,0.4261999902367244,1,166059,6.1,Automatic,False
Mercedes,C-Class,2025,275,243,220,4.9,Gasoline,5,1446,0.367932497614086,1,0,5.7,Automatic,False
Mercedes,C-Class,2013,314,326,222,5.3,Diesel,4,1832,0.44647421665937564,2,165457,6.0,Automatic,False
Koenigsegg,Jesko,2025,762,1541,392,5.4,Gasoline,3,1102,0.38440012925733696,4,0,3.0,Automatic,False
Mercedes,E-Class,2005,209,165,202,19.6,Electric,4,1514,0.30870317580351936,0,285240,6.7,Automatic,False
Audi,A6,2017,176,169,185,5.4,Diesel,5,1829,0.3570272099633523,1,99231,8.1,Automatic,False
Renault,Clio,2020,114,47,166,5.4,Gasoline,3,924,0.2918852684509221,1,53637,7.1,Automatic,False
Mercedes,C-Class,2015,329,277,249,8.7,Gasoline,5,1776,0.31171482207023443,1,135707,5.8,Automatic,False
Koenigsegg,Regera,2003,935,1042,487,9.6,Gasoline,2,1721,0.3141061482184162,2,314836,3.4,Automatic,False
Bugatti,Veyron,2003,966,1257,479,18.8,Electric,2,1338,0.3551261997506346,0,317411,2.9,Manual,False
Audi,A6,2000,331,315,227,5.9,Diesel,3,1803,0.4483720257387437,2,353768,5.8,Manual,False
Renault,Twingo,2019,111,52,166,3.0,Diesel,3,1006,0.2592024719101709,1,77350,7.5,Manual,False
Ferrari,Roma,1996,1048,1832,500,18.5,Electric,2,1723,0.3424526999052856,0,421774,3.2,Automatic,False
BMW,Serie 1,1997,244,198,206,5.8,Gasoline,3,1559,0.3939985627082875,2,407006,6.3,Automatic,False
Koenigsegg,Agera,1995,699,1431,389,19.0,Electric,3,1417,0.3296597290128432,0,441383,3.6,Manual,False
BMW,Serie 1,2012,162,134,179,7.0,Diesel,4,1795,0.3664523546500714,2,184162,8.3,Automatic,False
Peugeot,3008,1998,101,41,158,5.6,Gasoline,5,1191,0.3459224912722224,0,390561,8.6,Manual,False
Koenigsegg,Agera,2010,822,1265,421,22.6,Electric,3,1362,0.3670217296301168,0,216339,3.2,Manual,False
Renault,Twingo,2023,85,28,152,4.9,Gasoline,5,1143,0.3331283565204546,1,14451,9.2,Manual,False
Peugeot,208,1997,62,34,144,16.6,Electric,3,1085,0.30262787156364934,0,403794,10.5,Manual,False
Peugeot,208,1995,66,36,148,4.7,Gasoline,4,998,0.23504163672723488,0,440626,9.7,Manual,False
BMW,Serie 5,2023,154,135,172,7.7,Gasoline,4,1582,0.422622569879944,1,15349,8.0,Manual,False
Koenigsegg,Regera,2014,991,2146,489,5.9,Gasoline,2,1636,0.3537975559817629,3,151096,3.2,Automatic,False
Bugatti,Veyron,1998,646,1516,375,13.1,Electric,3,1277,0.30775807390028725,0,387145,3.5,Automatic,False
Audi,A1,2012,324,350,236,5.2,Diesel,3,1715,0.379638051707029,2,174539,5.8,Manual,False
Citroen,C5,2013,87,36,155,3.5,Diesel,5,1030,0.29126078890458496,2,162196,8.6,Manual,False
Ferrari,F8,2008,1096,1439,500,6.1,Gasoline,3,1449,0.3320622428079252,4,237094,2.9,Manual,False
Koenigsegg,Jesko,2005,1142,2449,500,17.7,Electric,2,1507,0.31971701051683304,0,281925,2.9,Automatic,False
Citroen,C3,2023,72,28,148,6.3,Gasoline,5,1062,0.32178242227412257,1,15175,9.6,Manual,False
Mercedes,E-Class,2010,225,155,199,6.7,Gasoline,5,1471,0.3902326337251894,1,213738,6.4,Manual,False
Bugatti,Chiron,2023,1193,2751,500,8.0,Gasoline,3,1524,0.3934234654201174,2,10418,2.8,Automatic,False
Peugeot,308,2018,87,41,159,5.0,Gasoline,3,951,0.20100227325412984,1,83642,8.3,Manual,False
Bugatti,Chiron,2008,1057,2129,492,17.0,Electric,2,1616,0.39532789201687824,0,243862,3.1,Automatic,False
Audi,A3,2006,316,152,237,4.3,Diesel,5,1481,0.35817876610222255,2,264814,5.4,Manual,False
Koenigsegg,Regera,2010,684,1521,388,9.1,Gasoline,3,1550,0.3154056314184002,2,215193,3.8,Automatic,False
Koenigsegg,Regera,2007,665,1124,355,7.5,Gasoline,3,1495,0.39029362449270755,2,253686,3.7,Automatic,False
Citroen,C4,1996,81,37,153,3.3,Gasoline,5,913,0.27344333112766595,0,419584,8.4,Manual,False
Peugeot,3008,2013,105,56,165,3.7,Gasoline,5,998,0.23820194435215716,1,164173,7.7,Manual,False
Ferrari,F8,2001,844,1894,436,7.2,Gasoline,3,1550,0.35088338642143224,2,351399,3.4,Manual,False
Mercedes,E-Class,2013,187,185,181,8.5,Gasoline,5,1730,0.438212312252261,1,171018,7.6,Manual,False
Peugeot,308,2002,118,44,167,3.7,Diesel,3,979,0.29466631445250513,1,330622,7.2,Automatic,False
Renault,Twingo,2012,94,29,157,14.3,Electric,4,1032,0.29460726776423807,0,185542,8.3,Automatic,False
Bugatti,Chiron,2009,988,2301,487,5.9,Gasoline,2,1224,0.3555197855624001,4,227774,2.8,Automatic,False
Koenigsegg,Jesko,2009,1199,3177,500,6.2,Gasoline,2,1691,0.31552841700570194,3,220220,3.0,Automatic,False
Audi,A1,1999,253,180,218,6.7,Diesel,4,1815,0.31833616529898395,1,375222,6.7,Automatic,False
Audi,A3,2019,167,180,183,6.5,Gasoline,3,1819,0.3448830911898188,1,81252,8.3,Manual,False
Bugatti,Chiron,2019,871,2360,460,5.6,Gasoline,3,1522,0.31865009911186026,3,72686,3.3,Automatic,False
Peugeot,208,2005,120,48,171,5.3,Gasoline,4,1100,0.24741606816409073,2,278378,7.6,Manual,False
BMW,Serie 1,2003,187,176,192,5.9,Diesel,4,1764,0.3211846112579398,2,313212,7.7,Manual,False
Citroen,C3,2009,86,55,153,4.6,Gasoline,3,1118,0.3127361257945525,0,231013,9.0,Manual,False
Peugeot,3008,2005,112,63,166,3.6,Gasoline,5,997,0.2619576969326174,0,290966,7.5,Automatic,False
Renault,Megane,2022,99,35,158,6.4,Gasoline,5,1172,0.33051642735614617,1,30021,8.6,Manual,False
Ferrari,SF90,2001,816,1150,408,6.7,Gasoline,3,1398,0.3936452003235903,2,346749,3.3,Automatic,False
Renault,Twingo,2022,100,25,159,3.3,Diesel,4,1121,0.3184165998448719,1,34601,8.4,Manual,False
BMW,Serie 3,2012,249,213,208,4.9,Diesel,3,1602,0.3861432617812855,2,178527,6.3,Manual,False
Bugatti,Chiron,2020,1085,2068,500,6.1,Gasoline,2,1238,0.3074369684251929,2,56313,2.7,Automatic,False
Bugatti,Divo,2018,831,1104,415,7.6,Gasoline,3,1560,0.3886050945769257,3,92355,3.4,Automatic,False
Citroen,C3,2020,63,43,147,4.9,Gasoline,4,917,0.23696581055314178,1,55763,9.5,Automatic,False
Bugatti,Chiron,2009,642,1536,357,6.5,Gasoline,3,1149,0.35952936511342676,2,225732,3.3,Automatic,False
Citroen,C3,1998,67,40,146,4.8,Gasoline,5,1173,0.30816138841321566,0,386206,10.5,Manual,False
Mercedes,E-Class,2003,249,167,207,5.2,Diesel,4,1706,0.3946924676085979,1,316402,6.5,Manual,False
Audi,A1,2025,325,247,230,23.0,Electric,3,1478,0.4228862964200202,0,0,5.3,Manual,False
Koenigsegg,Regera,2002,986,1551,500,13.9,Electric,2,1284,0.3170015027130642,0,323159,2.9,Manual,False
Renault,Clio,2018,105,38,165,4.7,Gasoline,3,1158,0.23081211447258032,1,88000,8.3,Manual,False
Ferrari,SF90,2016,1120,1418,500,7.3,Gasoline,2,1633,0.32338661405515495,2,118314,3.0,Automatic,False
Citroen,C3,1998,79,40,152,3.7,Gasoline,5,1101,0.2768008096696335,0,385325,9.3,Manual,False
Bugatti,Chiron,2000,782,1472,398,16.7,Electric,2,1193,0.3888748237584665,0,362990,3.1,Automatic,False
BMW,Serie 5,2022,309,353,241,6.5,Diesel,5,1772,0.3165153753001793,2,34454,6.0,Manual,False
Koenigsegg,Agera,1998,942,1246,472,5.8,Gasoline,2,1256,0.3516556708371238,3,390454,2.9,Automatic,False
Mercedes,C-Class,2011,249,147,212,6.5,Gasoline,4,1805,0.3532763782190929,1,199261,6.7,Manual,False
Koenigsegg,Regera,1997,743,1218,409,5.4,Gasoline,3,1528,0.3200346026306507,3,400905,3.6,Automatic,False
Ferrari,Roma,2018,1114,1237,500,4.3,Gasoline,2,1290,0.31659081463888644,2,88774,2.7,Manual,False
Citroen,C5,2010,65,19,147,3.9,Gasoline,4,913,0.2634555680539092,1,207460,9.4,Manual,False
Ferrari,Roma,2000,537,909,310,7.6,Gasoline,2,1581,0.392033398234539,4,363834,4.3,Manual,False
Bugatti,Divo,2006,799,1547,427,26.1,Electric,2,1784,0.32976595504258727,0,264710,3.7,Manual,False
Citroen,C3,2025,74,30,151,3.9,Gasoline,3,1090,0.24805408283971514,1,0,9.6,Automatic,False
Citroen,C5,2010,120,39,167,15.3,Electric,3,1151,0.3025420121616574,0,211820,7.7,Automatic,False
Peugeot,308,2013,76,39,149,4.8,Gasoline,5,924,0.3208520624096768,1,160661,8.7,Manual,False
Bugatti,Chiron,1998,524,904,303,7.2,Gasoline,2,1540,0.3983696667319391,2,394174,4.3,Automatic,False
Mercedes,C-Class,2011,167,196,176,27.6,Electric,5,1969,0.4207524241473978,0,195372,8.6,Automatic,False
BMW,Serie 5,1999,164,97,176,19.6,Electric,5,1489,0.4141972020093514,0,379303,7.5,Manual,False
BMW,Serie 1,2022,325,261,239,8.5,Gasoline,4,1827,0.3675379947705431,2,33840,5.9,Automatic,False
Peugeot,3008,2006,115,32,164,4.1,Gasoline,5,986,0.3259725801585305,0,264986,7.3,Manual,False
Mercedes,A-Class,1999,274,248,224,8.3,Gasoline,4,1687,0.3385371412967565,2,368836,6.2,Automatic,False
Koenigsegg,Agera,1999,970,1229,500,5.9,Gasoline,3,1246,0.30871471699401803,3,368068,2.8,Automatic,False
Audi,A6,2021,203,172,196,4.5,Diesel,4,1556,0.34470605338131494,1,38430,6.9,Automatic,False
Koenigsegg,Jesko,2020,688,1390,369,4.7,Gasoline,3,1236,0.3754743163727372,3,56120,3.4,Automatic,False
Koenigsegg,Regera,2011,1099,1583,500,16.6,Electric,2,1128,0.34501837668193147,0,200427,2.5,Automatic,False
Citroen,C3,1995,106,59,160,4.2,Gasoline,3,1126,0.33294136342589364,0,433072,8.1,Manual,False
Audi,A1,2015,154,114,170,9.7,Gasoline,5,2000,0.44516166371417587,1,141870,9.0,Manual,False
Audi,A3,2023,311,245,223,6.1,Gasoline,5,1553,0.4312275978665565,2,11486,5.6,Automatic,False
Koenigsegg,Agera,1997,400,513,279,17.3,Electric,2,1333,0.3049704306238362,0,401687,4.6,Automatic,False
Peugeot,308,2013,114,38,169,3.8,Diesel,3,1018,0.2284168100684821,1,168772,7.5,Manual,False
BMW,Serie 1,2015,210,107,192,8.0,Gasoline,5,1942,0.41397089303043944,1,134071,7.6,Automatic,False
Bugatti,Veyron,1998,989,2262,473,7.9,Gasoline,2,1732,0.38475294859530124,2,391519,3.3,Automatic,False
BMW,Serie 3,2010,159,132,172,6.6,Gasoline,3,1764,0.4395969410471019,2,208674,8.3,Automatic,False
Peugeot,208,2009,77,38,154,3.7,Gasoline,4,932,0.2139485836348566,0,223317,8.7,Manual,False
Audi,A1,2020,225,199,194,16.1,Electric,5,1432,0.4404469300507874,0,57607,6.3,Manual,False
Ferrari,F8,2008,680,1033,377,9.1,Gasoline,2,1660,0.3416527935218359,4,242194,3.9,Automatic,False
Renault,Twingo,2009,62,21,145,4.0,Gasoline,5,916,0.2620092262405218,0,226778,9.6,Manual,False
Bugatti,Chiron,2012,1132,1952,500,9.7,Gasoline,3,1690,0.32940870973727654,2,174267,3.1,Automatic,False
Peugeot,208,2017,64,34,146,5.4,Gasoline,4,1115,0.28500687912480527,1,105533,10.4,Manual,False
Peugeot,208,2001,82,44,152,5.5,Gasoline,5,1176,0.31757963787612137,0,343099,9.5,Manual,False
Renault,Megane,2015,69,34,150,6.0,Gasoline,3,1164,0.20401724203128285,1,130327,10.3,Manual,False
Mercedes,E-Class,2001,225,160,198,7.0,Diesel,4,1855,0.4052579257165824,2,339204,7.2,Manual,False
Audi,A6,2000,252,156,209,5.7,Gasoline,3,1503,0.390537699086166,1,357135,6.1,Automatic,False
BMW,Serie 3,2010,221,201,205,10.5,Gasoline,3,1923,0.32244397624771215,1,214595,7.4,Manual,False
Citroen,C5,2015,91,46,156,3.5,Diesel,5,909,0.29888368105052465,2,140954,7.9,Manual,False
Mercedes,A-Class,2019,164,99,179,17.7,Electric,3,1609,0.3769010683297485,0,78221,7.8,Manual,False
Renault,Twingo,2002,70,38,147,3.6,Diesel,5,973,0.32186934045788096,1,334384,9.3,Manual,False
Mercedes,E-Class,2016,279,285,215,5.1,Diesel,3,1734,0.41264264568324527,1,126784,6.2,Manual,False
Ferrari,F8,2025,1105,2535,500,6.6,Gasoline,2,1263,0.3829271108300245,3,0,2.7,Automatic,False
Audi,A6,2019,301,223,236,8.3,Gasoline,4,1807,0.32865396436906746,1,76943,6.1,Automatic,False
Renault,Twingo,2006,68,45,149,4.0,Diesel,5,1180,0.22765408719658942,2,267727,10.4,Manual,False
Bugatti,Veyron,2001,788,1407,412,4.9,Gasoline,2,1241,0.3576221891363914,2,348475,3.1,Automatic,False
Ferrari,F8,2006,602,1101,337,7.2,Gasoline,2,1202,0.37803277006618985,4,273687,3.5,Manual,False
Ferrari,SF90,2021,1023,1903,489,6.3,Gasoline,3,1147,0.3779295713550304,3,46781,2.6,Manual,False
Renault,Megane,1998,101,41,162,4.7,Gasoline,5,1057,0.25030945626276635,0,387974,8.1,Manual,False
Audi,A3,2020,283,276,230,8.0,Gasoline,3,1484,0.3168988571928648,2,64087,5.7,Manual,False
Bugatti,Veyron,2024,775,1173,408,21.8,Electric,3,1753,0.3559836715473734,0,0,3.8,Manual,False
Ferrari,F8,1995,564,1332,330,19.3,Electric,2,1323,0.3523770713978865,0,430199,3.8,Manual,False
BMW,Serie 1,2004,150,84,170,10.5,Gasoline,5,1838,0.42554540429616594,2,302988,8.8,Automatic,False
Renault,Twingo,2022,77,39,151,3.7,Gasoline,5,1029,0.2878650611559612,1,24428,9.1,Manual,False
Peugeot,308,2022,111,50,168,3.3,Gasoline,5,987,0.2174783223143392,1,28443,7.5,Manual,False
Citroen,C3,2021,101,34,161,3.4,Diesel,5,1186,0.28403876300391856,2,50507,8.6,Manual,False
Koenigsegg,Agera,2002,993,1727,491,7.7,Gasoline,3,1608,0.35098983620892815,4,331825,3.2,Automatic,False
BMW,Serie 5,2006,291,261,222,8.5,Gasoline,5,1946,0.3962719089268869,1,270400,6.5,Automatic,False
Citroen,C3,2008,87,41,152,5.3,Gasoline,4,1129,0.3424924661467688,0,234777,9.0,Manual,False
Peugeot,3008,2002,111,35,165,5.7,Gasoline,5,1157,0.2873087973449645,0,323250,8.1,Manual,False
Mercedes,E-Class,2000,170,118,176,23.1,Electric,5,1622,0.4331745839369102,0,359186,7.7,Automatic,False
Audi,A6,2020,349,356,244,9.1,Gasoline,4,1804,0.3846670804709137,2,63557,5.7,Manual,False
Mercedes,A-Class,2018,293,262,227,10.2,Gasoline,3,1956,0.3648812565070103,2,86449,6.5,Manual,False
Mercedes,E-Class,1995,186,152,186,9.5,Gasoline,4,1715,0.3879451646082397,1,432137,7.6,Manual,False
Koenigsegg,Jesko,2023,1050,2293,500,7.1,Gasoline,3,1505,0.3512524959100608,3,15267,3.0,Automatic,False
Audi,A3,2009,330,286,237,7.1,Gasoline,3,1741,0.38838520049148134,1,219821,5.7,Manual,False
Mercedes,A-Class,2003,345,216,256,10.0,Gasoline,3,1756,0.30739145752855085,1,316310,5.6,Manual,False
Mercedes,E-Class,2024,167,123,182,7.5,Gasoline,3,1985,0.3465706811792122,2,0,8.6,Automatic,False
Mercedes,E-Class,2000,277,301,212,6.7,Diesel,4,1970,0.4342056221349066,1,359379,6.7,Manual,False
Koenigsegg,Regera,2017,901,1941,459,6.0,Gasoline,3,1225,0.34569464756553847,2,100743,2.9,Manual,False
Mercedes,C-Class,2007,343,272,234,6.6,Diesel,5,1737,0.43465096043764545,1,248390,5.6,Automatic,False
Peugeot,308,2020,108,31,161,4.7,Gasoline,4,1058,0.3236864520958004,1,60902,7.8,Automatic,False
Citroen,C4,1999,100,44,164,5.1,Gasoline,3,1060,0.21222169575200947,0,379916,8.1,Manual,False
Renault,Megane,2014,63,33,146,4.5,Gasoline,3,1086,0.2622796880857858,1,151167,10.4,Manual,False
Ferrari,Roma,2009,541,863,329,5.9,Gasoline,2,1396,0.32501766254274617,4,226318,4.0,Automatic,False
Mercedes,E-Class,1999,344,187,243,8.9,Gasoline,3,1713,0.38094306044995224,1,377708,5.6,Automatic,False
Mercedes,C-Class,1998,338,246,232,6.7,Diesel,4,1687,0.4340941193071169,1,392326,5.6,Manual,False
Audi,A6,2008,197,119,192,4.7,Diesel,4,1526,0.3687427756962427,2,238168,7.0,Manual,False
Audi,A1,1995,350,276,243,8.6,Gasoline,3,1468,0.39429749206708675,2,440496,5.1,Manual,False
Citroen,C4,2016,74,38,152,5.4,Gasoline,4,1158,0.2262761312561184,1,123179,9.9,Manual,False
Ferrari,Roma,2020,480,1211,295,4.5,Gasoline,3,1233,0.3676101223035308,4,62838,4.0,Automatic,False
Renault,Twingo,2015,116,51,170,5.2,Gasoline,4,1163,0.221402243953866,1,133029,7.9,Manual,False
Audi,A3,1995,239,171,200,5.6,Diesel,5,1411,0.4252762801037907,1,441134,6.1,Automatic,False
Bugatti,Veyron,2021,628,626,363,25.8,Electric,2,1561,0.3230560119527915,0,49945,3.9,Automatic,False
Bugatti,Divo,1999,728,1523,378,5.1,Gasoline,3,1134,0.38953266701602296,3,376527,3.1,Manual,False
Bugatti,Chiron,2014,541,822,334,9.4,Gasoline,3,1679,0.30811706199419414,4,144219,4.4,Automatic,False
Renault,Twingo,2015,119,39,173,4.8,Gasoline,5,988,0.20494729020566801,1,133262,7.2,Manual,False
Mercedes,A-Class,2018,330,213,238,8.5,Gasoline,3,1569,0.3795231581032258,1,88941,5.5,Manual,False
Koenigsegg,Jesko,2000,925,1847,461,4.8,Gasoline,2,1220,0.3611722282661082,3,361418,2.9,Manual,False
Citroen,C4,2008,80,32,152,4.6,Gasoline,3,1127,0.29270010526833856,0,244710,9.4,Manual,False
Renault,Megane,2005,71,30,150,5.1,Gasoline,3,1088,0.23178827119778622,0,280367,9.8,Manual,False
Mercedes,A-Class,2018,308,210,221,6.7,Diesel,3,1941,0.43843914456712496,2,92574,6.3,Automatic,False
Ferrari,F8,1998,861,2265,447,5.7,Gasoline,3,1350,0.33931834866989974,4,386032,3.1,Manual,False
Renault,Clio,2002,61,28,147,5.0,Gasoline,5,992,0.20979194646954927,0,333872,10.1,Manual,False
BMW,Serie 5,2011,346,326,242,7.0,Gasoline,4,1445,0.39478901466089517,1,201008,5.1,Manual,False
Bugatti,Chiron,1999,735,975,382,4.0,Gasoline,2,1102,0.38523231745549325,4,375512,3.1,Automatic,False
BMW,Serie 3,2001,164,155,176,5.1,Diesel,5,1417,0.40573935631807423,1,340551,7.3,Manual,False
Bugatti,Veyron,2012,861,902,445,9.5,Gasoline,3,1781,0.3427764570856863,3,173921,3.6,Automatic,False
BMW,Serie 5,1997,239,191,205,11.0,Gasoline,3,1945,0.3837678409383418,1,400930,7.1,Manual,False
BMW,Serie 5,2019,341,225,236,22.3,Electric,3,1618,0.41910105196558567,0,70120,5.4,Manual,False
BMW,Serie 1,1998,311,327,244,5.9,Diesel,5,1886,0.3009245611326397,1,392892,6.2,Manual,False
Koenigsegg,Jesko,2019,802,1831,406,8.2,Gasoline,3,1533,0.3861162761897538,3,75923,3.5,Manual,False
Bugatti,Veyron,2006,667,991,364,7.4,Gasoline,3,1550,0.36738310257008705,2,274621,3.8,Manual,False
Koenigsegg,Jesko,1995,745,1480,390,5.6,Gasoline,3,1206,0.3730860240541514,4,434183,3.2,Automatic,False
BMW,Serie 3,2025,239,162,199,7.8,Gasoline,5,1685,0.43717739839503666,1,0,6.6,Automatic,False
Renault,Twingo,2007,72,25,147,16.1,Electric,3,1173,0.3387907218965148,0,254336,10.1,Automatic,False
Renault,Megane,2024,85,43,157,3.1,Diesel,5,1013,0.22138176403123808,1,0,8.6,Automatic,False
Koenigsegg,Jesko,2023,981,2532,474,5.7,Gasoline,3,1117,0.3762653512054197,2,14915,2.7,Automatic,False
Renault,Twingo,1996,73,38,148,5.6,Gasoline,5,1099,0.32205806743135895,0,419507,9.7,Manual,False
Peugeot,308,2002,74,24,152,5.2,Gasoline,5,1020,0.23454439261493196,0,326132,9.3,Automatic,False
Citroen,C5,2017,85,40,153,4.4,Gasoline,4,1040,0.31645610771258437,1,107488,8.7,Manual,False
Bugatti,Veyron,2020,1191,3115,500,6.2,Gasoline,3,1485,0.3163730098147385,4,55337,2.8,Automatic,False
Koenigsegg,Regera,2000,745,1760,393,8.4,Gasoline,3,1750,0.3669893529082502,2,363553,3.8,Automatic,False
Citroen,C3,2016,101,32,158,5.9,Gasoline,5,1016,0.3467893819568022,1,117275,7.9,Manual,False
Peugeot,3008,2008,93,27,156,6.7,Gasoline,3,1142,0.30465543645944404,0,235557,8.8,Manual,False
Koenigsegg,Regera,2007,1106,1690,500,7.1,Gasoline,3,1541,0.3378487782533107,2,250307,3.0,Manual,False
Mercedes,E-Class,2022,277,215,220,7.5,Diesel,4,1965,0.37484741702885976,1,24618,6.7,Automatic,False
Renault,Clio,2017,69,22,150,5.6,Gasoline,3,1102,0.21229528819272125,1,108982,10.0,Automatic,False
Ferrari,Roma,2007,413,803,282,6.7,Gasoline,3,1321,0.31348897643666657,2,252028,4.5,Manual,False
Audi,A3,2001,209,212,196,4.7,Diesel,3,1424,0.3685642110794315,1,343621,6.5,Automatic,False
Audi,A3,2017,313,374,239,9.2,Gasoline,5,1785,0.334248113550613,1,99563,6.0,Manual,False
Citroen,C3,1998,117,69,166,4.8,Gasoline,5,1018,0.29731740747480007,0,391241,7.4,Automatic,False
Bugatti,Divo,1999,985,1896,472,7.6,Gasoline,2,1567,0.3848804064286812,2,380981,3.2,Automatic,False
Citroen,C3,2016,101,32,158,5.8,Gasoline,4,985,0.34476069996163183,1,119312,7.8,Manual,False
Audi,A1,2004,300,286,222,10.0,Gasoline,4,1911,0.41353461215051146,1,303746,6.3,Automatic,False
Renault,Clio,2015,67,22,148,4.3,Diesel,4,1195,0.25909399081572193,1,130208,10.6,Manual,False
Audi,A1,2013,260,161,218,4.1,Diesel,3,1515,0.34531265945499895,2,164267,6.0,Manual,False
Ferrari,F8,2011,607,1262,349,7.7,Gasoline,3,1477,0.3445971366752447,3,194288,3.9,Automatic,False
Ferrari,Roma,2015,747,1802,409,9.5,Gasoline,3,1705,0.3241599220849569,3,131500,3.8,Automatic,False
Audi,A6,2015,252,145,214,7.5,Diesel,3,1965,0.3526011432226126,2,141913,7.0,Manual,False
Audi,A3,2023,176,138,184,5.6,Diesel,3,1771,0.37201290126196607,2,12003,7.9,Automatic,False
Ferrari,Roma,2022,515,760,310,22.4,Electric,2,1503,0.3593631697401293,0,24433,4.3,Automatic,False
Bugatti,Divo,1995,1189,2848,500,6.7,Gasoline,3,1317,0.32467950731351714,2,438869,2.6,Automatic,False
Audi,A1,2012,274,207,221,27.8,Electric,4,1896,0.3566782774732926,0,176885,6.6,Manual,False
Citroen,C3,2017,117,58,171,3.3,Diesel,3,1149,0.21335914219857202,2,103306,7.8,Manual,False
Koenigsegg,Jesko,2016,729,1280,405,5.9,Gasoline,2,1355,0.31774187129996384,4,123584,3.4,Manual,False
Koenigsegg,Jesko,2005,404,623,274,6.9,Gasoline,3,1534,0.3348175891533237,4,282311,4.9,Manual,False
Peugeot,3008,2008,98,31,163,5.8,Gasoline,5,1035,0.21211590494599245,0,245224,8.1,Manual,False
Citroen,C3,2015,98,35,156,3.4,Gasoline,5,1004,0.34658842742783325,1,135567,8.0,Automatic,False
Peugeot,3008,2022,80,25,152,2.9,Diesel,3,1004,0.28439867790419976,1,31119,8.9,Automatic,False
Audi,A6,2014,188,110,194,5.9,Diesel,3,1497,0.3032923045726038,2,143217,7.1,Automatic,False
Audi,A6,2022,282,202,230,5.6,Diesel,5,1607,0.316279863252096,1,31021,6.0,Automatic,False
Audi,A1,2004,290,251,223,8.3,Gasoline,3,1612,0.3862602593648537,2,300776,5.9,Manual,False
Renault,Twingo,2007,79,38,151,4.4,Gasoline,4,931,0.3076698707512726,0,254974,8.6,Automatic,False
BMW,Serie 3,2009,239,278,210,8.7,Gasoline,3,1852,0.3427238489524017,1,227721,7.0,Automatic,False
Ferrari,SF90,1995,560,1094,329,9.9,Gasoline,2,1793,0.3529524312386208,4,430664,4.5,Automatic,False
Bugatti,Chiron,1995,532,1066,313,7.6,Gasoline,3,1461,0.3720812781352614,3,430294,4.1,Automatic,False
Peugeot,3008,1999,82,34,154,3.5,Diesel,3,1160,0.24852188564207528,1,376076,9.4,Manual,False
Citroen,C4,2004,83,30,153,5.4,Gasoline,4,961,0.2990106282706242,0,304795,8.5,Manual,False
BMW,Serie 5,2013,243,161,199,6.0,Diesel,3,1967,0.44269324308056357,2,170555,7.1,Automatic,False
Peugeot,208,2006,77,33,152,3.7,Diesel,3,1129,0.26407028129654214,2,272902,9.6,Manual,False
Mercedes,E-Class,2015,198,128,197,4.7,Diesel,5,1505,0.3147977088233335,2,137934,6.9,Manual,False
Koenigsegg,Regera,2017,552,1293,324,7.4,Gasoline,2,1241,0.357918214830073,4,108118,3.7,Automatic,False
Ferrari,Roma,2003,422,544,288,5.1,Gasoline,3,1529,0.3015153186412468,2,321855,4.8,Automatic,False
Koenigsegg,Jesko,2013,575,1291,322,5.5,Gasoline,2,1203,0.39452775476334756,2,167245,3.6,Automatic,False
Ferrari,SF90,2003,911,2509,463,8.1,Gasoline,2,1501,0.34562639435175124,2,317640,3.2,Automatic,False
Mercedes,C-Class,2009,151,119,179,5.5,Gasoline,4,1581,0.3165680162394425,1,230189,8.1,Automatic,False
BMW,Serie 5,2007,288,326,228,6.9,Diesel,3,1757,0.34787205474346566,1,261848,6.2,Manual,False
Koenigsegg,Agera,2004,1162,2458,500,6.2,Gasoline,2,1342,0.39856165436785873,2,295666,2.7,Automatic,False
Peugeot,3008,2018,71,23,150,2.8,Diesel,4,949,0.24980259617655948,2,91894,9.1,Manual,False
Citroen,C4,1996,98,46,159,6.1,Gasoline,4,1127,0.2893764780979187,0,414870,8.5,Manual,False
Koenigsegg,Agera,2022,1010,1884,500,5.2,Gasoline,3,1211,0.3127943253878829,2,25067,2.7,Automatic,False
Ferrari,F8,2023,870,1413,434,7.0,Gasoline,2,1278,0.3778473238596844,4,19865,3.0,Manual,False
Mercedes,E-Class,2007,292,205,225,4.9,Diesel,5,1773,0.3755602600254955,1,260694,6.2,Manual,False
Citroen,C3,2017,86,33,155,5.9,Gasoline,5,1014,0.2785332397920634,1,108328,8.6,Manual,False
Peugeot,3008,2023,63,37,146,3.8,Gasoline,3,958,0.26873828629345425,1,9997,9.7,Automatic,False
Citroen,C5,2006,103,49,164,4.9,Gasoline,5,972,0.24311905953920837,0,276378,7.7,Automatic,False
Audi,A3,2014,233,200,207,9.1,Gasoline,3,1860,0.34961905938993315,1,151089,7.1,Automatic,False
Mercedes,C-Class,2015,289,182,233,8.1,Gasoline,4,1952,0.3169514567892212,2,133128,6.5,Manual,False
Bugatti,Divo,2020,1052,1980,500,21.9,Electric,2,1440,0.37733342308850304,0,55249,2.9,Automatic,False
Renault,Clio,1997,107,57,166,6.6,Gasoline,5,1185,0.23349541760460063,0,406681,8.3,Manual,False
BMW,Serie 1,2017,280,220,214,19.0,Electric,3,1825,0.4280060968489567,0,110023,6.4,Manual,False
Audi,A3,2024,316,212,233,9.6,Gasoline,4,1708,0.379086956416124,2,0,5.8,Automatic,False
Renault,Megane,2021,80,40,151,4.3,Gasoline,4,977,0.31716645807875465,1,41373,8.7,Manual,False
Peugeot,208,2012,79,48,153,4.4,Gasoline,4,936,0.26044475972995285,1,183588,8.6,Manual,False
Koenigsegg,Jesko,2015,758,1283,413,6.5,Gasoline,3,1134,0.3263893707054297,2,135568,3.1,Manual,False
Bugatti,Divo,1999,1166,1956,500,9.2,Gasoline,3,1531,0.348131530865763,3,374483,2.9,Automatic,False
Koenigsegg,Agera,2005,1109,1074,500,6.3,Gasoline,2,1270,0.3032309547957467,4,290950,2.7,Automatic,False
Koenigsegg,Agera,1997,1159,2693,500,7.2,Gasoline,3,1401,0.3625942808435253,4,400899,2.7,Automatic,False
Koenigsegg,Agera,2000,485,857,302,8.1,Gasoline,3,1694,0.3478940209435387,3,360818,4.7,Automatic,False
Ferrari,SF90,2009,776,1740,428,18.2,Electric,2,1236,0.3053096445741172,0,219341,3.2,Manual,False
BMW,Serie 1,2024,153,164,172,6.9,Diesel,5,1784,0.42011998730236233,1,0,8.5,Automatic,False
Mercedes,E-Class,2004,151,137,172,23.6,Electric,5,1705,0.40588109153370094,0,294609,8.4,Automatic,False
Mercedes,E-Class,2009,336,367,234,5.9,Diesel,4,1918,0.4171745489168065,1,219288,6.0,Automatic,False
Audi,A6,1998,264,250,210,25.7,Electric,4,1948,0.41583843295560957,0,390151,6.8,Automatic,False
Koenigsegg,Jesko,1996,450,1015,293,16.0,Electric,2,1581,0.32848315045806964,0,423907,4.7,Automatic,False
BMW,Serie 5,1995,165,142,183,6.0,Diesel,5,1551,0.3357186014334799,1,437493,7.7,Manual,False
Audi,A3,2009,270,266,214,4.8,Diesel,3,1507,0.3986254538359202,2,229145,5.9,Manual,False
Audi,A1,2004,241,241,205,5.8,Diesel,5,1835,0.39395260965485457,2,298817,6.9,Manual,False
Citroen,C5,2021,115,66,163,3.1,Diesel,4,940,0.34775861833944566,2,49871,7.1,Manual,False
Audi,A1,2015,241,179,213,5.3,Gasoline,5,1438,0.3252475555367329,2,139848,6.1,Automatic,False
Ferrari,Roma,2002,791,1719,407,6.9,Gasoline,3,1737,0.37209378359832757,2,325188,3.7,Automatic,False
BMW,Serie 5,2021,202,153,199,4.8,Diesel,3,1469,0.312659050034796,1,51065,6.7,Manual,False
Koenigsegg,Jesko,1999,686,1072,360,7.0,Gasoline,2,1288,0.3987840651597815,2,376834,3.4,Automatic,False
Ferrari,F8,2003,730,1076,395,13.2,Electric,3,1103,0.346092035595161,0,313277,3.1,Automatic,False
Koenigsegg,Agera,1996,450,598,279,5.5,Gasoline,2,1271,0.39236017222661185,4,413206,4.2,Manual,False
Renault,Megane,2006,64,29,145,5.1,Gasoline,5,1034,0.2952967905431529,0,275197,10.0,Manual,False
Peugeot,208,2006,111,49,169,7.1,Gasoline,4,1199,0.20704311746954304,0,268893,8.2,Manual,False
Citroen,C5,2006,75,35,148,5.4,Gasoline,5,1007,0.3445989180186437,0,276869,9.2,Automatic,False
Citroen,C4,2023,73,30,151,6.4,Gasoline,3,1154,0.23366012907311146,1,12742,9.9,Manual,False
Peugeot,208,1998,112,55,170,3.8,Diesel,5,1051,0.20086692228599334,1,387593,7.7,Manual,False
Koenigsegg,Agera,1997,830,1123,451,6.4,Gasoline,3,1178,0.3012485537386629,4,407837,3.0,Automatic,False
Ferrari,SF90,2011,787,1753,430,7.0,Gasoline,3,1173,0.3105615418097446,4,191870,3.1,Manual,False
BMW,Serie 1,2001,204,105,193,6.6,Diesel,3,1962,0.38302274424153604,1,350781,7.8,Manual,False
Ferrari,F8,2024,1077,2442,500,7.0,Gasoline,2,1769,0.3084254452317063,2,0,3.2,Manual,False
Koenigsegg,Regera,1995,482,786,297,4.2,Gasoline,3,1224,0.36190976982310863,4,435422,4.0,Manual,False
Renault,Clio,2015,84,33,153,6.2,Gasoline,3,1078,0.3052509236097827,1,130514,9.0,Manual,False
Koenigsegg,Jesko,2024,1058,1848,500,6.4,Gasoline,3,1234,0.3347443309327672,3,0,2.7,Automatic,False
Bugatti,Veyron,2004,750,1039,412,7.6,Gasoline,3,1793,0.3200183635187498,2,297924,3.9,Automatic,False
Citroen,C4,2007,64,24,146,6.2,Gasoline,5,1087,0.26465453096860203,0,256867,10.3,Manual,False
Audi,A6,2023,296,209,232,4.5,Diesel,5,1482,0.34290516775146346,2,18365,5.6,Manual,False
Renault,Megane,1996,100,41,162,14.5,Electric,4,1174,0.2503062590792075,0,413023,8.6,Manual,False
Peugeot,208,2016,107,46,164,5.2,Gasoline,3,1099,0.2636832897154038,1,121795,8.0,Manual,False
Citroen,C4,2024,83,26,154,5.7,Gasoline,3,1034,0.260556321001953,1,0,8.8,Manual,False
BMW,Serie 3,2005,294,211,235,4.1,Diesel,4,1420,0.3127126081516825,1,284834,5.5,Manual,False
Peugeot,3008,2023,80,46,154,3.2,Gasoline,4,942,0.24990643145705382,1,17479,8.6,Manual,False
Peugeot,308,2020,79,26,151,12.4,Electric,3,1027,0.3118469198327294,0,60648,9.0,Automatic,False
Citroen,C3,2001,62,32,145,3.7,Gasoline,3,960,0.2719962723791406,0,341348,9.8,Manual,False
Ferrari,F8,1995,488,679,300,7.2,Gasoline,2,1698,0.35914744373937835,2,436680,4.7,Automatic,False
Koenigsegg,Jesko,2010,560,1050,336,7.9,Gasoline,2,1763,0.3254894651082117,2,215506,4.4,Automatic,False
BMW,Serie 3,1999,163,137,173,22.4,Electric,5,1679,0.4389031107987873,0,370176,8.0,Manual,False
BMW,Serie 3,2007,308,209,240,8.8,Gasoline,4,1493,0.3153288909700669,2,253158,5.5,Manual,False
BMW,Serie 3,2022,292,183,223,8.6,Gasoline,4,1544,0.3888401497249479,1,34215,5.7,Manual,False
Bugatti,Divo,2017,788,1052,422,7.1,Gasoline,3,1383,0.33129728479301473,4,99854,3.3,Automatic,False
Bugatti,Divo,2017,1162,1518,500,4.5,Gasoline,3,1183,0.3031325374139554,4,107641,2.5,Automatic,False
Audi,A6,2003,260,185,207,4.9,Diesel,4,1509,0.42762027882695175,2,317947,6.0,Manual,False
Citroen,C3,2010,68,40,147,3.6,Diesel,3,950,0.2853437655948069,1,211877,9.3,Manual,False
Koenigsegg,Agera,2007,616,806,345,8.2,Gasoline,2,1614,0.3670734133769273,4,255080,4.0,Manual,False
Citroen,C5,2009,63,32,144,6.2,Gasoline,5,1104,0.3266416417162772,0,225467,10.5,Manual,False
Renault,Clio,2002,77,40,149,14.7,Electric,5,1123,0.33942678560192796,0,331678,9.5,Automatic,False
Koenigsegg,Agera,2021,902,1558,466,7.2,Gasoline,3,1699,0.33218579299422624,4,41528,3.4,Automatic,False
Peugeot,308,2012,62,29,147,4.3,Gasoline,4,954,0.22367156649196174,1,174458,9.8,Manual,False
Mercedes,C-Class,2022,306,314,222,5.0,Diesel,3,1522,0.4304990596648658,2,34674,5.6,Automatic,False
BMW,Serie 5,2000,230,185,206,8.2,Gasoline,4,1684,0.35129032838135893,1,361453,6.8,Manual,False
Audi,A3,2024,198,168,197,5.3,Diesel,3,1640,0.31681693166984864,2,0,7.2,Manual,False
BMW,Serie 5,2020,235,178,204,5.0,Diesel,4,1815,0.3790770344653558,1,54821,6.9,Automatic,False
Bugatti,Chiron,2009,1047,2163,500,6.4,Gasoline,3,1388,0.36645862569634147,4,219828,2.9,Automatic,False
Ferrari,F8,2025,1011,1194,500,6.1,Gasoline,2,1130,0.3137881396685473,4,0,2.6,Manual,False
Peugeot,308,2014,114,73,164,6.1,Gasoline,4,1060,0.3165467831621362,1,143068,7.6,Manual,False
Renault,Twingo,2013,102,48,165,6.5,Gasoline,4,1115,0.20048431885708662,1,166680,8.3,Manual,False
Koenigsegg,Agera,2009,761,1269,396,6.6,Gasoline,3,1199,0.37298596290798963,2,229833,3.1,Automatic,False
Audi,A3,2008,167,161,185,7.4,Gasoline,4,1706,0.310508378894711,1,236375,8.0,Manual,False
Mercedes,A-Class,2021,195,139,187,6.6,Diesel,3,1993,0.4043602819785804,2,47332,8.0,Manual,False
Koenigsegg,Jesko,2023,958,2436,459,19.9,Electric,3,1260,0.392211286841618,0,18232,2.9,Automatic,False
Koenigsegg,Regera,2006,475,1095,305,6.3,Gasoline,3,1759,0.3172351328952119,3,263811,4.8,Automatic,False
Audi,A3,1999,260,205,216,5.6,Diesel,3,1576,0.3544323571161961,1,376030,6.2,Automatic,False
Bugatti,Divo,2018,1102,1878,500,4.6,Gasoline,2,1158,0.3932252765573647,3,83890,2.6,Automatic,False
Peugeot,308,1997,65,42,147,3.6,Diesel,3,914,0.24664403824331252,1,410156,9.4,Automatic,False
Bugatti,Veyron,2016,749,1466,404,9.3,Gasoline,3,1574,0.3392137401800482,2,123727,3.6,Manual,False
BMW,Serie 5,2001,155,135,176,17.5,Electric,3,1459,0.37046332003230575,0,351843,7.7,Manual,False
Audi,A1,2006,217,132,190,7.6,Gasoline,5,1684,0.44986909199565395,1,275953,7.0,Manual,False
Peugeot,208,2021,117,45,166,18.7,Electric,4,1193,0.31106059470930303,0,40681,8.0,Manual,False
BMW,Serie 1,1998,300,245,234,8.7,Gasoline,3,1661,0.3379279435575096,1,392603,5.9,Automatic,False
Mercedes,A-Class,2005,202,171,193,5.3,Diesel,4,1938,0.3700905947751568,2,278304,7.7,Automatic,False
Bugatti,Chiron,2013,1065,2576,500,7.3,Gasoline,2,1258,0.31897011166035394,2,169688,2.7,Automatic,False
Audi,A1,2003,189,178,184,7.6,Diesel,4,1999,0.41302434085513495,1,308906,8.1,Automatic,False
Peugeot,208,1995,73,35,148,4.4,Gasoline,3,909,0.32212809163863776,0,429460,8.8,Manual,False
Renault,Clio,1997,102,33,164,3.2,Diesel,4,1074,0.23266872883084935,1,405594,8.1,Manual,False
Audi,A3,2002,279,241,224,7.8,Gasoline,3,1612,0.3523983701228834,1,336871,6.0,Automatic,False
Bugatti,Chiron,2010,1089,1656,500,5.6,Gasoline,2,1293,0.3027598807846231,4,205558,2.7,Automatic,False
Bugatti,Divo,1999,781,1150,430,5.1,Gasoline,2,1298,0.3046526221583648,3,381706,3.2,Manual,False
Mercedes,C-Class,2020,172,149,182,10.5,Gasoline,3,1990,0.3775194280446581,1,57391,8.5,Manual,False
BMW,Serie 5,2003,165,148,184,6.2,Gasoline,5,1595,0.3124768725089697,1,316094,7.8,Manual,False
Renault,Clio,2002,95,39,157,5.1,Gasoline,5,1136,0.3012794194502728,0,323063,8.6,Manual,False
Mercedes,A-Class,2024,153,110,178,8.5,Gasoline,4,1610,0.33874913051460825,1,0,8.1,Automatic,False
Mercedes,E-Class,2004,227,212,203,7.1,Gasoline,5,1449,0.3686119214350547,2,296020,6.3,Automatic,False
Mercedes,E-Class,2011,159,122,177,8.7,Gasoline,5,1711,0.37405285482563677,2,190984,8.2,Manual,False
BMW,Serie 1,2015,315,261,226,19.0,Electric,5,1615,0.42549353136434265,0,131850,5.7,Manual,False
Bugatti,Chiron,2004,868,1796,426,9.3,Gasoline,3,1653,0.39292865152770606,2,300032,3.4,Manual,False
Mercedes,C-Class,2018,297,234,227,9.8,Gasoline,3,1649,0.3780989379420306,2,88894,5.9,Automatic,False
Mercedes,E-Class,2007,278,158,216,8.8,Gasoline,5,1888,0.407718869284285,1,260411,6.5,Automatic,False
Audi,A1,2009,308,207,232,25.5,Electric,5,1866,0.3692070239024386,0,225045,6.2,Manual,False
Ferrari,F8,2004,492,1265,294,7.7,Gasoline,2,1349,0.38936762791666146,3,306559,4.1,Automatic,False
Ferrari,Roma,1995,812,996,437,7.2,Gasoline,2,1631,0.31919320815436464,3,432036,3.5,Manual,False
